StudyID,Reviewer,1. Do you have access to the full text?,2. Was the study carried out in free-living populations?,3a. Did researchers measure hormone concentrations in the egg?,3a.1. Which hormone did researchers measure?,3b. Did researchers manipulate hormone concentrations in the egg?,3b.1. Which hormone did researches manipulate in the egg?,4. Did researchers report (maternal or offspring) fitness traits?,4a. Did researchers report maternal or offspring fitness traits?,4b. Which type of fitness trait did the researchers report?,5. Final decision,"5b. If the paper should be excluded, please, indicate why:",Relationship between yolk hormone concentration and fitness: which type of statistical analysis did the researchers perform? ,Are data openly available?,Comments,,,,,,,,,,,,,,,,,,,,,,,,,,,,,,,,,,,,,,,,,,,,,,,
rayyan-123813945,Lu,Yes,Yes,No,NA,Yes,"Glucocorticoids (corticosterone, cortisol)",Yes,Unclear,"Hatching success (%);Hatching number;Body size (e.g., mass, tarsus, wing, body length, etc)","Include paper (then mark NA in question 5b, and go to questions 6 and 7)",NA,Mixed models,No,They brought the eggs to the lab when their were about the hatch. They then put them back into their corresponding nests.,,,,,,,,,,,,,,,,,,,,,,,,,,,,,,,,,,,,,,,,,,,,,,,
rayyan-123813945,Pie,Yes,Yes,No,NA,Yes,"Glucocorticoids (corticosterone, cortisol)",Yes,Unclear,"Hatching success (%);Fledgling success  (%);Body size (e.g., mass, tarsus, wing, body length, etc)","Include paper (then mark NA in question 5b, and go to questions 6 and 7)",,Mixed models,No,hatching in the lab but incubation natural,,,,,,,,,,,,,,,,,,,,,,,,,,,,,,,,,,,,,,,,,,,,,,,
rayyan-123813954,Pie,Yes,Yes,Yes,5-alpha dehydrotestosterone (DHT);Testosterone,No (if researchers did not measure nor manipulate yolk hormones go directly to questions 5 and 5b),NA,Yes,Maternal,Recapture of individuals,"Include paper (then mark NA in question 5b, and go to questions 6 and 7)",,t-test or alike,No,,,,,,,,,,,,,,,,,,,,,,,,,,,,,,,,,,,,,,,,,,,,,,,,
rayyan-123813955,Nico,Yes,No (Then go to the questions 5 and 5b),,,,,,,,Exclude paper,2. The study was not done in the wild.,,,,,,,,,,,,,,,,,,,,,,,,,,,,,,,,,,,,,,,,,,,,,,,,,,
rayyan-123813982,Lu,Yes,Yes,No,NA,Yes,They injected the eggs with an androgenic blocker (Flutamide),Yes,Unclear,"Clutch size;Hatching success (%);Hatching number;Body size (e.g., mass, tarsus, wing, body length, etc);Survival over the nestling phase (until all die because of bad weather conditions)","Include paper (then mark NA in question 5b, and go to questions 6 and 7)",NA,Mixed models,No,,,,,,,,,,,,,,,,,,,,,,,,,,,,,,,,,,,,,,,,,,,,,,,,
rayyan-123813989,Nico,Yes,No (Then go to the questions 5 and 5b),,,,,,,,Exclude paper,2. The study was not done in the wild.,,,,,,,,,,,,,,,,,,,,,,,,,,,,,,,,,,,,,,,,,,,,,,,,,,
rayyan-123814000,Pie,Yes,No (Then go to the questions 5 and 5b),,,,,,,,Exclude paper,2. The study was not done in the wild.,,,wild eggs brought to the lab and incubated in the lab,,,,,,,,,,,,,,,,,,,,,,,,,,,,,,,,,,,,,,,,,,,,,,,
rayyan-123814001,Lu,Yes,No (Then go to the questions 5 and 5b),,,,,,,,Exclude paper,2. The study was not done in the wild.,,,Lizards,,,,,,,,,,,,,,,,,,,,,,,,,,,,,,,,,,,,,,,,,,,,,,,
rayyan-123814003,Pie,Yes,No (Then go to the questions 5 and 5b),,,,,,,,Exclude paper,2. The study was not done in the wild.,,,captive zebbies in Canada,,,,,,,,,,,,,,,,,,,,,,,,,,,,,,,,,,,,,,,,,,,,,,,
rayyan-123814021,Pie,Yes,Yes,No,NA,Yes,Androstenedione;Testosterone,Yes,Unclear,"Body size (e.g., mass, tarsus, wing, body length, etc)","Include paper (then mark NA in question 5b, and go to questions 6 and 7)",,t-test or alike,No,The birds were housed in captivity at fledging. Only body mass when captured given. ,,,,,,,,,,,,,,,,,,,,,,,,,,,,,,,,,,,,,,,,,,,,,,,
rayyan-123814024,Lu,Yes,Yes,No,NA,Yes,Androstenedione;Testosterone,Yes,Unclear,"Body size (e.g., mass, tarsus, wing, body length, etc)","Include paper (then mark NA in question 5b, and go to questions 6 and 7)",NA,ANOVA,No,,,,,,,,,,,,,,,,,,,,,,,,,,,,,,,,,,,,,,,,,,,,,,,,
rayyan-123814024,Nico,Yes,Yes,No,NA,Yes,Testosterone,Yes,Offspring,"Body size (e.g., mass, tarsus, wing, body length, etc);PHA inmune","Include paper (then mark NA in question 5b, and go to questions 6 and 7)",,,Unclear,,,,,,,,,,,,,,,,,,,,,,,,,,,,,,,,,,,,,,,,,,,,,,,,
rayyan-123814059,Pie,Yes,Yes,Yes,Testosterone,Yes,Testosterone,Yes,Unclear,"Clutch size;Hatching success (%);Fledgling success  (%);Body size (e.g., mass, tarsus, wing, body length, etc)","Include paper (then mark NA in question 5b, and go to questions 6 and 7)",,Mixed models,No,hormone concentration was measured for clutches that were taken therefore no fitness data available for those.,,,,,,,,,,,,,,,,,,,,,,,,,,,,,,,,,,,,,,,,,,,,,,,
rayyan-123814090,Lu,Yes,Yes,Yes,Testosterone,Yes,Testosterone,No (Then go to the questions 5 and 5b),,,Exclude paper,4. No information on fitness.,,,"They measured embryonic growth (i.e., prior to hatching)",,,,,,,,,,,,,,,,,,,,,,,,,,,,,,,,,,,,,,,,,,,,,,,
rayyan-123814130,Lu,Yes,Yes,Yes,Testosterone;Estradiol,They manipulated female testosterone level (with an implant),Testosterone,Yes,Unclear,Clutch size,"Include paper (then mark NA in question 5b, and go to questions 6 and 7)",NA,ANOVA,No,Clutch size mean and SD is reported (numbers) for control and treated females!,,,,,,,,,,,,,,,,,,,,,,,,,,,,,,,,,,,,,,,,,,,,,,,
rayyan-123814142,Lu,Yes,Yes,No,NA,Yes,Androstenedione;Testosterone,Yes,Unclear,"Hatching success (%);Body size (e.g., mass, tarsus, wing, body length, etc)","Include paper (then mark NA in question 5b, and go to questions 6 and 7)",NA,Chi-square,No,,,,,,,,,,,,,,,,,,,,,,,,,,,,,,,,,,,,,,,,,,,,,,,,
rayyan-123814145,Nico,Yes,Yes,No,NA,Yes,Testosterone,unclear,Offspring,"Body size (e.g., mass, tarsus, wing, body length, etc)",Exclude paper,,,,"they meassure embrios prior to hatch.. dont know if this is a solid offspring trait. I would exclude, but might be worth discussing it.",,,,,,,,,,,,,,,,,,,,,,,,,,,,,,,,,,,,,,,,,,,,,,,
rayyan-123814150,Nico,Yes,No (Then go to the questions 5 and 5b),,,,,,,,Exclude paper,NA,,,it is a metha analyses from 20 published papers,,,,,,,,,,,,,,,,,,,,,,,,,,,,,,,,,,,,,,,,,,,,,,,
rayyan-123814157,Lu,Yes,No (Then go to the questions 5 and 5b),,,,,,,,Exclude paper,2. The study was not done in the wild.,,,,,,,,,,,,,,,,,,,,,,,,,,,,,,,,,,,,,,,,,,,,,,,,,,
rayyan-123814157,Pie,Yes,No (Then go to the questions 5 and 5b),I did not check,NA,Yes,NA,,,,Exclude paper,,,,captive eggs from one species and wild derived for a second species,,,,,,,,,,,,,,,,,,,,,,,,,,,,,,,,,,,,,,,,,,,,,,,
rayyan-123814167,Lu,Yes,No (Then go to the questions 5 and 5b),,,,,,,,Exclude paper,2. The study was not done in the wild.,,,,,,,,,,,,,,,,,,,,,,,,,,,,,,,,,,,,,,,,,,,,,,,,,,
rayyan-123814167,Pie,Yes,No (Then go to the questions 5 and 5b),I did not check,NA,I did not check,NA,,,,Exclude paper,2. The study was not done in the wild.,,,Captive Zebbies,,,,,,,,,,,,,,,,,,,,,,,,,,,,,,,,,,,,,,,,,,,,,,,
rayyan-123814188,Lu,Yes,Yes,Yes,Androstenedione;5-alpha dehydrotestosterone (DHT);Testosterone;Estradiol,No (if researchers did not measure nor manipulate yolk hormones go directly to questions 5 and 5b),NA,No (Then go to the questions 5 and 5b),,,Exclude paper,4. No information on fitness.,,,,,,,,,,,,,,,,,,,,,,,,,,,,,,,,,,,,,,,,,,,,,,,,,,
rayyan-123814188,Pie,Yes,Yes,Yes,Androstenedione;5-alpha dehydrotestosterone (DHT);Testosterone,No (if researchers did not measure nor manipulate yolk hormones go directly to questions 5 and 5b),NA,"No, eggs where collected. Clutch mass is reported",Unclear,clutch mass,Exclude paper,,t-test or alike,No,"it probably needs to be excluded, only clutch mass as ""fitness"" parameter is provided",,,,,,,,,,,,,,,,,,,,,,,,,,,,,,,,,,,,,,,,,,,,,,,
rayyan-123814189,Lu,Yes,Yes,Yes,"Glucocorticoids (corticosterone, cortisol)",No (if researchers did not measure nor manipulate yolk hormones go directly to questions 5 and 5b),NA,Yes,Unclear,Clutch size,"Include paper (then mark NA in question 5b, and go to questions 6 and 7)",NA,Mixed models,No,Only data on clutch size since they collected the whole clutch for analysis.,,,,,,,,,,,,,,,,,,,,,,,,,,,,,,,,,,,,,,,,,,,,,,,
rayyan-123814199,Nico,Yes,No (Then go to the questions 5 and 5b),,,,,,,,Exclude paper,2. The study was not done in the wild.,,,,,,,,,,,,,,,,,,,,,,,,,,,,,,,,,,,,,,,,,,,,,,,,,,
rayyan-123814207,Lu,Yes,Yes,No,NA,Yes,Testosterone,Yes,Unclear,Hatching success (%);Brood size,"Include paper (then mark NA in question 5b, and go to questions 6 and 7)",NA,Mixed models,But should be requested to the author (statement in the paper),"9 days after hatching, nestlings were brought into the lab for further analyses.",,,,,,,,,,,,,,,,,,,,,,,,,,,,,,,,,,,,,,,,,,,,,,,
rayyan-123814207,Nico,Yes,No (Then go to the questions 5 and 5b),Yes,Testosterone,Yes,Testosterone,Yes,Offspring,"Body size (e.g., mass, tarsus, wing, body length, etc)","Include paper (then mark NA in question 5b, and go to questions 6 and 7)",,,,Many things where done in the lab. Potentially consider mass at day 8 post hatch in the nest and compare control vs. treated,,,,,,,,,,,,,,,,,,,,,,,,,,,,,,,,,,,,,,,,,,,,,,,
rayyan-123814207,Pie,Yes,No (Then go to the questions 5 and 5b),I did not check,NA,I did not check,NA,,,,"Include paper (then mark NA in question 5b, and go to questions 6 and 7)",2. The study was not done in the wild.,,,Wild sparrows' eggs were brought and incubated in the lab,,,,,,,,,,,,,,,,,,,,,,,,,,,,,,,,,,,,,,,,,,,,,,,
rayyan-123814230,Lu,Yes,Yes,No,NA,Yes,Testosterone,,,"Hatching success (%);Fledgling success  (%);Body size (e.g., mass, tarsus, wing, body length, etc)","Include paper (then mark NA in question 5b, and go to questions 6 and 7)",NA,Mixed models,No,Information on sex-specific consequences for nestling hatching after yolk testosterone manipulations (great tits). Also info on others studies testing this.,,,,,,,,,,,,,,,,,,,,,,,,,,,,,,,,,,,,,,,,,,,,,,,
rayyan-123814230,Pie,Yes,Yes,No,NA,Yes,Testosterone,Yes,Offspring,"Body size (e.g., mass, tarsus, wing, body length, etc)","Include paper (then mark NA in question 5b, and go to questions 6 and 7)",,Mixed models,Unclear,"Together with the experiment manipulation there is a ""systematic review"" of all the studies manipulating egg hormone concetration. Worth to check if we picked all of them up. ",,,,,,,,,,,,,,,,,,,,,,,,,,,,,,,,,,,,,,,,,,,,,,,
rayyan-123814230,Nico,Yes,Yes,No,NA,Yes,Testosterone,Yes,Both (maternal and offspring),Clutch size;Hatching success (%);Hatching number,"Include paper (then mark NA in question 5b, and go to questions 6 and 7)",,Mixed models,Yes,,,,,,,,,,,,,,,,,,,,,,,,,,,,,,,,,,,,,,,,,,,,,,,,
rayyan-123814233,Lu,Yes,Yes,No,NA,Yes,They injected an anti-androgenic component (flutamite),Yes,Unclear,Hatching success (%);Brood size,"Include paper (then mark NA in question 5b, and go to questions 6 and 7)",NA,ANOVA,No,,,,,,,,,,,,,,,,,,,,,,,,,,,,,,,,,,,,,,,,,,,,,,,,
rayyan-123814234,Nico,Yes,Yes,No,NA,Yes,Androstenedione;Testosterone,Yes,Both (maternal and offspring),"Hatching success (%);Body size (e.g., mass, tarsus, wing, body length, etc)","Include paper (then mark NA in question 5b, and go to questions 6 and 7)",,,Unclear,maternal fitness trait hatching success is pointless in this case,,,,,,,,,,,,,,,,,,,,,,,,,,,,,,,,,,,,,,,,,,,,,,,
rayyan-123814234,Pie,Yes,Yes,No,NA,Yes,Androstenedione;Testosterone;also A4 + T,Yes,Unclear,"Hatching success (%);Body size (e.g., mass, tarsus, wing, body length, etc);immunocompetence, embryonic development time","Include paper (then mark NA in question 5b, and go to questions 6 and 7)",,t-test or alike,Unclear,,,,,,,,,,,,,,,,,,,,,,,,,,,,,,,,,,,,,,,,,,,,,,,,
rayyan-123814237,Nico,Yes,No (Then go to the questions 5 and 5b),,,,,,,,Exclude paper,2. The study was not done in the wild.,,,,,,,,,,,,,,,,,,,,,,,,,,,,,,,,,,,,,,,,,,,,,,,,,,
rayyan-123814244,Pie,Yes,No (Then go to the questions 5 and 5b),I did not check,NA,I did not check,NA,,,,Exclude paper,2. The study was not done in the wild.,,,Wild derived individuals brought to the lab,,,,,,,,,,,,,,,,,,,,,,,,,,,,,,,,,,,,,,,,,,,,,,,
rayyan-123814247,Lu,Yes,Yes,Yes,Androstenedione;Testosterone,Yes,Androstenedione;Testosterone,Yes,Unclear,Hatching success (%),"Include paper (then mark NA in question 5b, and go to questions 6 and 7)",NA,Logistic regression,No,,,,,,,,,,,,,,,,,,,,,,,,,,,,,,,,,,,,,,,,,,,,,,,,
rayyan-123814247,Nico,Yes,Yes,Yes,Androstenedione;Testosterone,Yes,Androstenedione;Testosterone,Yes,Maternal,Clutch size,"Include paper (then mark NA in question 5b, and go to questions 6 and 7)",NA,they dont report this,No,,,,,,,,,,,,,,,,,,,,,,,,,,,,,,,,,,,,,,,,,,,,,,,,
rayyan-123814247,Pie,Yes,"Yes, but some chicks moved to the aviary",Yes,Androstenedione;Testosterone,Yes,Androstenedione;Testosterone,Yes,Offspring,Hatching success (%),"Include paper (then mark NA in question 5b, and go to questions 6 and 7)",,t-test or alike,probably not,,,,,,,,,,,,,,,,,,,,,,,,,,,,,,,,,,,,,,,,,,,,,,,,
rayyan-123814247,Nico,Yes,Yes,Yes,Androstenedione;Testosterone,Yes,Androstenedione;Testosterone,possibly,,,Exclude paper,,,,"there might be information, but would require our analyses",,,,,,,,,,,,,,,,,,,,,,,,,,,,,,,,,,,,,,,,,,,,,,,
rayyan-123814251,Lu,Yes,No (Then go to the questions 5 and 5b),,,,,,,,Exclude paper,2. The study was not done in the wild.,,,,,,,,,,,,,,,,,,,,,,,,,,,,,,,,,,,,,,,,,,,,,,,,,,
rayyan-123814261,Lu,Yes,Yes,No,NA,Yes,Androstenedione;Testosterone,Yes,Unclear,"Hatching success (%);Fledgling success  (%);Body size (e.g., mass, tarsus, wing, body length, etc);Nestling mortality","Include paper (then mark NA in question 5b, and go to questions 6 and 7)",NA,Chi square,No,,,,,,,,,,,,,,,,,,,,,,,,,,,,,,,,,,,,,,,,,,,,,,,,
rayyan-123814261,Nico,Yes,Yes,No,NA,Yes,Testosterone,Yes,Offspring,"Body size (e.g., mass, tarsus, wing, body length, etc)","Include paper (then mark NA in question 5b, and go to questions 6 and 7)",,,,,,,,,,,,,,,,,,,,,,,,,,,,,,,,,,,,,,,,,,,,,,,,,,,
rayyan-123814274,Pie,Yes,Yes,Yes,Androstenedione;Testosterone,they manipulated male actractivness ,NA,Yes,Unclear,Clutch size,Exclude paper,,t-test or alike,No,Only clutch size reported despite eggs were not removed to measure the hormones.,,,,,,,,,,,,,,,,,,,,,,,,,,,,,,,,,,,,,,,,,,,,,,,
rayyan-123814276,Nico,Yes,Yes,Yes,Testosterone,No (if researchers did not measure nor manipulate yolk hormones go directly to questions 5 and 5b),NA,No (Then go to the questions 5 and 5b),,,Exclude paper,4. No information on fitness.,,,,,,,,,,,,,,,,,,,,,,,,,,,,,,,,,,,,,,,,,,,,,,,,,,
rayyan-123814278,Lu,Yes,Yes,Yes,Androstenedione;5-alpha dehydrotestosterone (DHT);Testosterone,No (if researchers did not measure nor manipulate yolk hormones go directly to questions 5 and 5b),NA,No (Then go to the questions 5 and 5b),,,Exclude paper,3. No information on fitness.,,,,,,,,,,,,,,,,,,,,,,,,,,,,,,,,,,,,,,,,,,,,,,,,,,
rayyan-123814278,Nico,Yes,Yes,Yes,Androstenedione;5-alpha dehydrotestosterone (DHT);Testosterone,No (if researchers did not measure nor manipulate yolk hormones go directly to questions 5 and 5b),NA,No (Then go to the questions 5 and 5b),,,Exclude paper,4. No information on fitness.,,,,,,,,,,,,,,,,,,,,,,,,,,,,,,,,,,,,,,,,,,,,,,,,,,
rayyan-123814278,Pie,Yes,Yes,Yes,,,,No (Then go to the questions 5 and 5b),,,Exclude paper,4. No information on fitness.,,,,,,,,,,,,,,,,,,,,,,,,,,,,,,,,,,,,,,,,,,,,,,,,,,
rayyan-123814317,Pie,Yes,Yes,I did not check,NA,I did not check,NA,No (Then go to the questions 5 and 5b),,,Exclude paper,4. No information on fitness.,,,,,,,,,,,,,,,,,,,,,,,,,,,,,,,,,,,,,,,,,,,,,,,,,,
rayyan-123814329,Lu,Yes,Yes,No,NA,Yes,"Glucocorticoids (corticosterone, cortisol)",No (Then go to the questions 5 and 5b),,,Exclude paper,4. No information on fitness.,,,Info only on behavior,,,,,,,,,,,,,,,,,,,,,,,,,,,,,,,,,,,,,,,,,,,,,,,
rayyan-123814335,Lu,Yes,Yes,Yes,"Glucocorticoids (corticosterone, cortisol)",Yes,"Glucocorticoids (corticosterone, cortisol)",Yes,Offspring,"Hatching success (%);Body size (e.g., mass, tarsus, wing, body length, etc)",Exclude paper,NA,Mixed models,No,,,,,,,,,,,,,,,,,,,,,,,,,,,,,,,,,,,,,,,,,,,,,,,,
rayyan-123814335,Nico,Yes,Yes,No,NA,Yes,"Glucocorticoids (corticosterone, cortisol)",Yes,Offspring,Hatching success (%),Exclude paper,NA,Mixed models,Unclear,,,,,,,,,,,,,,,,,,,,,,,,,,,,,,,,,,,,,,,,,,,,,,,,
rayyan-123814335,Pie,Yes,Yes,Yes,"Glucocorticoids (corticosterone, cortisol)",Yes,"Glucocorticoids (corticosterone, cortisol)",Yes,Unclear,Hatching success (%);Recapture of individuals;The recapture of individuals was done after a period in the lab,Exclude paper,,t-test or alike,No,,,,,,,,,,,,,,,,,,,,,,,,,,,,,,,,,,,,,,,,,,,,,,,,
rayyan-123814335,Nico,Yes,No (Then go to the questions 5 and 5b),,,,,,,,Exclude paper,2. The study was not done in the wild.,,,,,,,,,,,,,,,,,,,,,,,,,,,,,,,,,,,,,,,,,,,,,,,,,,
rayyan-123814348,Nico,Yes,Yes,No,NA,No (if researchers did not measure nor manipulate yolk hormones go directly to questions 5 and 5b),,,,,"Include paper (then mark NA in question 5b, and go to questions 6 and 7)",3. Researchers did not measure/manipulate hormone concentration in eggs.,,,manipulated and meassured albumen hormones,,,,,,,,,,,,,,,,,,,,,,,,,,,,,,,,,,,,,,,,,,,,,,,
rayyan-123814348,Pie,Yes,Yes,No,NA,Yes,"Glucocorticoids (corticosterone, cortisol)",Yes,Unclear,"Hatching success (%);Body size (e.g., mass, tarsus, wing, body length, etc);immune response, begging behavior","Include paper (then mark NA in question 5b, and go to questions 6 and 7)",,t-test or alike,No,,,,,,,,,,,,,,,,,,,,,,,,,,,,,,,,,,,,,,,,,,,,,,,,
rayyan-123814349,Nico,Yes,Yes,Yes,Testosterone,Yes,Testosterone,No (Then go to the questions 5 and 5b),,,Exclude paper,4. No information on fitness.,,,for the fitness aspect (mass of the offspring) they refer to Rubollini et al 2006a,,,,,,,,,,,,,,,,,,,,,,,,,,,,,,,,,,,,,,,,,,,,,,,
rayyan-123814350,Pie,Yes,Yes,unclear,Testosterone,Yes,Testosterone,Yes,Unclear,"Hatching success (%);Body size (e.g., mass, tarsus, wing, body length, etc);immunocompetence","Include paper (then mark NA in question 5b, and go to questions 6 and 7)",,t-test or alike,No,Chicks not followed until fledging,,,,,,,,,,,,,,,,,,,,,,,,,,,,,,,,,,,,,,,,,,,,,,,
rayyan-123814355,Nico,Yes,Yes,No,NA,Yes,Thyroid hormones (T3 or T4),Yes,Both (maternal and offspring),"Clutch size;Hatching success (%);Fledgling success  (%);Body size (e.g., mass, tarsus, wing, body length, etc)","Include paper (then mark NA in question 5b, and go to questions 6 and 7)",,,,,,,,,,,,,,,,,,,,,,,,,,,,,,,,,,,,,,,,,,,,,,,,,,,
rayyan-123814357,Lu,Yes,Yes,Yes,"Androstenedione;Testosterone;Glucocorticoids (corticosterone, cortisol)",No (if researchers did not measure nor manipulate yolk hormones go directly to questions 5 and 5b),NA,Yes,Unclear,Chick survival probability,"Include paper (then mark NA in question 5b, and go to questions 6 and 7)",,Mixed models,No,"I'm not sure the paper has the specific information on the direct relationship between yolk hormones and chick survival. Check this. Also, cort was undetectable (but measured)",,,,,,,,,,,,,,,,,,,,,,,,,,,,,,,,,,,,,,,,,,,,,,,
rayyan-123814367,Nico,Yes,No (Then go to the questions 5 and 5b),,,,,,,,Exclude paper,2. The study was not done in the wild.,,,fish study all in captivity,,,,,,,,,,,,,,,,,,,,,,,,,,,,,,,,,,,,,,,,,,,,,,,
rayyan-123814394,Lu,Yes,Yes,No,NA,Yes,"Glucocorticoids (corticosterone, cortisol)",Yes,Offspring,"Body size (e.g., mass, tarsus, wing, body length, etc);Survival probability","Include paper (then mark NA in question 5b, and go to questions 6 and 7)",NA,Mixed models,Yes,,,,,,,,,,,,,,,,,,,,,,,,,,,,,,,,,,,,,,,,,,,,,,,,
rayyan-123814394,Pie,Yes,Yes,No,NA,Yes,"Glucocorticoids (corticosterone, cortisol)",Yes,Unclear,"Body size (e.g., mass, tarsus, wing, body length, etc);Recapture of individuals;telomere","Include paper (then mark NA in question 5b, and go to questions 6 and 7)",,t-test or alike,Yes,"Survival analysis ran only for telomere activity, unclear if ran also for cort treatment",,,,,,,,,,,,,,,,,,,,,,,,,,,,,,,,,,,,,,,,,,,,,,,
rayyan-123814394,Nico,Yes,Yes,No,NA,Yes,"Glucocorticoids (corticosterone, cortisol)",Yes,Both (maternal and offspring),"Hatching success (%);Body size (e.g., mass, tarsus, wing, body length, etc)","Include paper (then mark NA in question 5b, and go to questions 6 and 7)",NA,Mixed models,Yes,,,,,,,,,,,,,,,,,,,,,,,,,,,,,,,,,,,,,,,,,,,,,,,,
rayyan-123814394,Lu,Yes,Yes,No,NA,Yes,"Glucocorticoids (corticosterone, cortisol)",Yes,Unclear,"Body size (e.g., mass, tarsus, wing, body length, etc);Survival probability",Exclude paper,NA,Mixed models,Yes,REPEATED PAPER!!! It should be included but since this paper appears TWICE in the general data base (trial and remaining paper) I excluded here!,,,,,,,,,,,,,,,,,,,,,,,,,,,,,,,,,,,,,,,,,,,,,,,
rayyan-123814421,Nico,Yes,Yes,Yes,Androstenedione;Testosterone,No (if researchers did not measure nor manipulate yolk hormones go directly to questions 5 and 5b),,No (Then go to the questions 5 and 5b),,,Exclude paper,4. No information on fitness.,,,only look at composition of eggs across 2 spp.,,,,,,,,,,,,,,,,,,,,,,,,,,,,,,,,,,,,,,,,,,,,,,,
rayyan-123814421,Pie,Yes,Yes,I did not check,NA,I did not check,NA,No (Then go to the questions 5 and 5b),,,Exclude paper,4. No information on fitness.,,,,,,,,,,,,,,,,,,,,,,,,,,,,,,,,,,,,,,,,,,,,,,,,,,
rayyan-123814425,Lu,Yes,Yes,Yes,"Glucocorticoids (corticosterone, cortisol)",Yes,"Glucocorticoids (corticosterone, cortisol)",Yes,Unclear,"Clutch size;Body size (e.g., mass, tarsus, wing, body length, etc)","Include paper (then mark NA in question 5b, and go to questions 6 and 7)",NA,Mixed models,No,,,,,,,,,,,,,,,,,,,,,,,,,,,,,,,,,,,,,,,,,,,,,,,,
rayyan-123814425,Pie,Yes,Yes,"Not in the eggs that lead to chicks, in other eggs of the nest","Glucocorticoids (corticosterone, cortisol)",They manipulated the mother hormone,"Glucocorticoids (corticosterone, cortisol)",Yes,Unclear,"Clutch size;Body size (e.g., mass, tarsus, wing, body length, etc)","Include paper (then mark NA in question 5b, and go to questions 6 and 7)",,Mixed models,No,,,,,,,,,,,,,,,,,,,,,,,,,,,,,,,,,,,,,,,,,,,,,,,,
rayyan-123814428,Lu,Yes,Yes,Yes,Androstenedione;Testosterone,No (if researchers did not measure nor manipulate yolk hormones go directly to questions 5 and 5b),NA,Yes,Maternal,Hatching success (%);Fledgling success  (%),"Include paper (then mark NA in question 5b, and go to questions 6 and 7)",NA,,No,,,,,,,,,,,,,,,,,,,,,,,,,,,,,,,,,,,,,,,,,,,,,,,,
rayyan-123814428,Nico,Yes,Yes,Yes,Androstenedione;Testosterone,No (if researchers did not measure nor manipulate yolk hormones go directly to questions 5 and 5b),,Yes,both maternal and offpring,Clutch size;Hatching success (%);Hatching number;Fledgling success  (%);Fledgling number,"Include paper (then mark NA in question 5b, and go to questions 6 and 7)",,t-test or alike,No,,,,,,,,,,,,,,,,,,,,,,,,,,,,,,,,,,,,,,,,,,,,,,,,
rayyan-123814428,Pie,Yes,Yes,Yes,Androstenedione;Testosterone,Mother androgen level manipulated,,Yes,Unclear,Clutch size;Hatching success (%);Fledgling success  (%),"Include paper (then mark NA in question 5b, and go to questions 6 and 7)",,they did not analyse the relatioship directly,No,,,,,,,,,,,,,,,,,,,,,,,,,,,,,,,,,,,,,,,,,,,,,,,,
rayyan-123814428,Nico,Yes,Yes,Yes,Androstenedione;Testosterone,Yes,Testosterone,Yes,Both (maternal and offspring),Hatching success (%);Hatching number,NA,NA,,Unclear,Repeated paper  ,,,,,,,,,,,,,,,,,,,,,,,,,,,,,,,,,,,,,,,,,,,,,,,
rayyan-123814429,Lu,Yes,Yes,No,NA,Yes,Androstenedione;Testosterone,Yes,Unclear,"Body size (e.g., mass, tarsus, wing, body length, etc)","Include paper (then mark NA in question 5b, and go to questions 6 and 7)",NA,Mixed models,No,,,,,,,,,,,,,,,,,,,,,,,,,,,,,,,,,,,,,,,,,,,,,,,,
rayyan-123814429,Pie,Yes,Yes,No,NA,Yes,Androstenedione;Testosterone;they manipulated BOTH hormones together,Yes,Unclear,"Body size (e.g., mass, tarsus, wing, body length, etc);incubation period","Include paper (then mark NA in question 5b, and go to questions 6 and 7)",,,,"2 hormones manipulated together might be difficult to deal with. 
All behavioral analyses are done on birds brought to captivity. ",,,,,,,,,,,,,,,,,,,,,,,,,,,,,,,,,,,,,,,,,,,,,,,
rayyan-123814430,Lu,Yes,Yes,No,NA,Yes,Androstenedione;Testosterone,Yes,Unclear,"Hatching success (%);Fledgling success  (%);Body size (e.g., mass, tarsus, wing, body length, etc);Brood size","Include paper (then mark NA in question 5b, and go to questions 6 and 7)",NA,Mixed models,No,,,,,,,,,,,,,,,,,,,,,,,,,,,,,,,,,,,,,,,,,,,,,,,,
rayyan-123814466,Nico,Yes,Yes,Yes,Androstenedione,Yes,Testosterone,Yes,Both (maternal and offspring),"Hatching success (%);Body size (e.g., mass, tarsus, wing, body length, etc)","Include paper (then mark NA in question 5b, and go to questions 6 and 7)",,Mixed models,Unclear,maybe caution should be taken with the 'compensation' of small clutches for the growth comparissons. ,,,,,,,,,,,,,,,,,,,,,,,,,,,,,,,,,,,,,,,,,,,,,,,
rayyan-123814486,Nico,Yes,No (Then go to the questions 5 and 5b),,,,,,,,Exclude paper,1. Full-text not available.,,,took eggs to the lab and did not quantify hatching success,,,,,,,,,,,,,,,,,,,,,,,,,,,,,,,,,,,,,,,,,,,,,,,
rayyan-123814506,Lu,Yes,Yes,No,NA,Yes,Testosterone,Yes,Unclear,"Body size (e.g., mass, tarsus, wing, body length, etc)","Include paper (then mark NA in question 5b, and go to questions 6 and 7)",NA,ANOVA,No,,,,,,,,,,,,,,,,,,,,,,,,,,,,,,,,,,,,,,,,,,,,,,,,
rayyan-123814657,Nico,Yes,No (Then go to the questions 5 and 5b),Yes,,Yes,"Glucocorticoids (corticosterone, cortisol)",No (Then go to the questions 5 and 5b),,,Exclude paper,2. The study was not done in the wild.,,,everything done in the lab,,,,,,,,,,,,,,,,,,,,,,,,,,,,,,,,,,,,,,,,,,,,,,,
rayyan-123814681,Pie,Yes,Yes,Yes,"Testosterone;Glucocorticoids (corticosterone, cortisol)",They manipulated mother's conditions,NA,Yes,Unclear,Clutch size,"Include paper (then mark NA in question 5b, and go to questions 6 and 7)",,,,Eggs were taken for extracting hormone concetration,,,,,,,,,,,,,,,,,,,,,,,,,,,,,,,,,,,,,,,,,,,,,,,
rayyan-123814717,Pie,Yes,Yes,No,NA,No (if researchers did not measure nor manipulate yolk hormones go directly to questions 5 and 5b),,,,,Exclude paper,3. Researchers did not measure/manipulate hormone concentration in eggs.,,,,,,,,,,,,,,,,,,,,,,,,,,,,,,,,,,,,,,,,,,,,,,,,,,
rayyan-123814741,Lu,Yes,Yes,No,NA,No (if researchers did not measure nor manipulate yolk hormones go directly to questions 5 and 5b),NA,,,,Exclude paper,3. Researchers did not measure/manipulate hormone concentration in eggs.,,,,,,,,,,,,,,,,,,,,,,,,,,,,,,,,,,,,,,,,,,,,,,,,,,
rayyan-123814791,Pie,Yes,Yes,Yes,Androstenedione;Testosterone,No (if researchers did not measure nor manipulate yolk hormones go directly to questions 5 and 5b),NA,Yes,Unclear,Clutch size,"Include paper (then mark NA in question 5b, and go to questions 6 and 7)",,t-test or alike,No,,,,,,,,,,,,,,,,,,,,,,,,,,,,,,,,,,,,,,,,,,,,,,,,
rayyan-123814809,Lu,Yes,Yes,No,NA,Yes,Androstenedione;Testosterone,Yes,Unclear,"Hatching success (%);Body size (e.g., mass, tarsus, wing, body length, etc);Recapture of individuals","Include paper (then mark NA in question 5b, and go to questions 6 and 7)",NA,Mixed models,No,,,,,,,,,,,,,,,,,,,,,,,,,,,,,,,,,,,,,,,,,,,,,,,,
rayyan-123814809,Pie,Yes,Yes,No,NA,Yes,Androstenedione;Testosterone;both hormones at the same time,Yes,Unclear,"Body size (e.g., mass, tarsus, wing, body length, etc);Recapture of individuals;plumage traits and behavioral essays","Include paper (then mark NA in question 5b, and go to questions 6 and 7)",,Mixed models,No,Not sure the rate of survival is given or only the condition and behavior of survived birds of the 2 groups.,,,,,,,,,,,,,,,,,,,,,,,,,,,,,,,,,,,,,,,,,,,,,,,
rayyan-123814811,Lu,Yes,Yes,No,NA,Yes,Androstenedione;Testosterone,Yes,Both - maternal and offspring,"Clutch size;Hatching success (%);Hatching number;Fledgling success  (%);Body size (e.g., mass, tarsus, wing, body length, etc);Recapture of individuals;Breeding success from recruits over during 2 years","Include paper (then mark NA in question 5b, and go to questions 6 and 7)",NA,Chi-square,No,,,,,,,,,,,,,,,,,,,,,,,,,,,,,,,,,,,,,,,,,,,,,,,,
rayyan-123814811,Nico,Yes,Yes,No,,Yes,Androstenedione;Testosterone,Yes,both,Clutch size;Hatching number;Fledgling success  (%);PHA inmune response,"Include paper (then mark NA in question 5b, and go to questions 6 and 7)",,Mixed models,No,,,,,,,,,,,,,,,,,,,,,,,,,,,,,,,,,,,,,,,,,,,,,,,,
rayyan-123814811,Pie,Yes,Yes,I do not think so,,Yes,Androstenedione;Testosterone,Yes,Unclear,"Clutch size;Hatching number;Fledgling number;Body size (e.g., mass, tarsus, wing, body length, etc);Recapture of individuals;recruitment","Include paper (then mark NA in question 5b, and go to questions 6 and 7)",,No hormone concetration,No,,,,,,,,,,,,,,,,,,,,,,,,,,,,,,,,,,,,,,,,,,,,,,,,
rayyan-123814811,Lu,Yes,Yes,No,NA,Yes,Androstenedione;Testosterone,Yes,Unclear,Hatching success (%);Hatching number;Fledgling success  (%);Recapture of individuals;Breeding success of recaptures,"Include paper (then mark NA in question 5b, and go to questions 6 and 7)",NA,Chi square,No,Breeding parameters of recruits!! ,,,,,,,,,,,,,,,,,,,,,,,,,,,,,,,,,,,,,,,,,,,,,,,
rayyan-123814839,Lu,Yes,Yes,Yes,Androstenedione,Yes,Androstenedione;Testosterone,Yes,Unclear,"Body size (e.g., mass, tarsus, wing, body length, etc)","Include paper (then mark NA in question 5b, and go to questions 6 and 7)",NA,Mixed models,No,Yolk androstenedione was measured just for validation. But no associated to any fitness trait.,,,,,,,,,,,,,,,,,,,,,,,,,,,,,,,,,,,,,,,,,,,,,,,
rayyan-123814839,Nico,Yes,Yes,Yes,Androstenedione,Yes,Androstenedione;Testosterone,Yes,Offspring,"Body size (e.g., mass, tarsus, wing, body length, etc)","Include paper (then mark NA in question 5b, and go to questions 6 and 7)",,,,,,,,,,,,,,,,,,,,,,,,,,,,,,,,,,,,,,,,,,,,,,,,,,,
rayyan-123814847,Nico,Yes,Yes,No,NA,Yes,Androstenedione;Testosterone,Yes,Offspring,"Body size (e.g., mass, tarsus, wing, body length, etc);Recapture of individuals",Exclude paper,,,,they keep the nests in some sort of unclear 'enclosures' . to be discussed,,,,,,,,,,,,,,,,,,,,,,,,,,,,,,,,,,,,,,,,,,,,,,,
rayyan-123814847,Nico,Yes,Yes,No,NA,Yes,Androstenedione;Testosterone,Yes,Offspring,"Body size (e.g., mass, tarsus, wing, body length, etc);Recapture of individuals",Exclude paper,,,,they keep the nests in some sort of unclear 'enclosures' . to be discussed,,,,,,,,,,,,,,,,,,,,,,,,,,,,,,,,,,,,,,,,,,,,,,,
rayyan-123814847,Pie,Yes,Yes,Yes,Androstenedione;Testosterone,Yes,Androstenedione;Testosterone;manipulated together,Yes,Offspring,"Hatching success (%);Body size (e.g., mass, tarsus, wing, body length, etc);the ""survival"" to day until 2weeks may be used as fledging success",Exclude paper,,t-test or alike,No,"hormone concentration was not measured in the experimental clutches.
Naming of the group in the experimental design confusing! Attention if used!",,,,,,,,,,,,,,,,,,,,,,,,,,,,,,,,,,,,,,,,,,,,,,,
rayyan-123814850,Nico,Yes,No (Then go to the questions 5 and 5b),,,,,,,,Exclude paper,2. The study was not done in the wild.,,,,,,,,,,,,,,,,,,,,,,,,,,,,,,,,,,,,,,,,,,,,,,,,,,
rayyan-123814861,Nico,Yes,Yes,Yes,Androstenedione;5-alpha dehydrotestosterone (DHT);Testosterone,No (if researchers did not measure nor manipulate yolk hormones go directly to questions 5 and 5b),,,Offspring,"Hatching success (%);Body size (e.g., mass, tarsus, wing, body length, etc)","Include paper (then mark NA in question 5b, and go to questions 6 and 7)",,,,,,,,,,,,,,,,,,,,,,,,,,,,,,,,,,,,,,,,,,,,,,,,,,,
rayyan-123814861,Pie,Yes,Yes,Yes,Androstenedione;5-alpha dehydrotestosterone (DHT);Testosterone,They manipulated parents conditions,NA,Not of the eggs where hormone was measured!,Unclear,"Hatching success (%);Body size (e.g., mass, tarsus, wing, body length, etc);time to hatch, immunocompetence","Include paper (then mark NA in question 5b, and go to questions 6 and 7)",4. No information on fitness.,Mixed models,No,"Eggs hormone concetration measured in eggs that were taken, hence offspring performance is from different eggs.",,,,,,,,,,,,,,,,,,,,,,,,,,,,,,,,,,,,,,,,,,,,,,,
rayyan-123814924,Nico,Yes,Yes,No,NA,Yes,Testosterone,Yes,Offspring,Recapture of individuals,"Include paper (then mark NA in question 5b, and go to questions 6 and 7)",,,,only relevant point might be relation beteween recruitment rate and hormone treatment,,,,,,,,,,,,,,,,,,,,,,,,,,,,,,,,,,,,,,,,,,,,,,,
rayyan-123814941,Lu,Yes,Yes,No,NA,Yes,Testosterone,Yes,Unclear,"Hatching success (%);Hatching number;Body size (e.g., mass, tarsus, wing, body length, etc)","Include paper (then mark NA in question 5b, and go to questions 6 and 7)",NA,Mixed models,No,Testo experiment on the last egg,,,,,,,,,,,,,,,,,,,,,,,,,,,,,,,,,,,,,,,,,,,,,,,
rayyan-123814941,Pie,Yes,Yes,No,NA,Yes,Testosterone,Yes,Offspring,"Hatching success (%);Body size (e.g., mass, tarsus, wing, body length, etc)","Include paper (then mark NA in question 5b, and go to questions 6 and 7)",,Mixed models,No,"Parts of the results of the hormone manipulation are included in another paper:
""the effect of testosterone treatment on sex ratio, egg development, hatching success and survival in this experiment can be found in
Noguera et al., 2011a)""

It's unclear whether there is overlap in the published results",,,,,,,,,,,,,,,,,,,,,,,,,,,,,,,,,,,,,,,,,,,,,,,
rayyan-123814949,Nico,Yes,Yes,No,NA,Yes,Androstenedione;Testosterone,Yes,Both (maternal and offspring),"Hatching success (%);Body size (e.g., mass, tarsus, wing, body length, etc)","Include paper (then mark NA in question 5b, and go to questions 6 and 7)",,,,,,,,,,,,,,,,,,,,,,,,,,,,,,,,,,,,,,,,,,,,,,,,,,,
rayyan-123814949,Pie,Yes,Yes,No,NA,Yes,Androstenedione;Testosterone;Manipulated together,Yes,Unclear,"Hatching success (%);Body size (e.g., mass, tarsus, wing, body length, etc);Time to hatch, territorial behavior of chicks","Include paper (then mark NA in question 5b, and go to questions 6 and 7)",,Mixed models,No,,,,,,,,,,,,,,,,,,,,,,,,,,,,,,,,,,,,,,,,,,,,,,,,
rayyan-123814950,Lu,Yes,Yes,No,NA,Yes,Testosterone,Yes,Unclear,"Hatching success (%);Body size (e.g., mass, tarsus, wing, body length, etc)","Include paper (then mark NA in question 5b, and go to questions 6 and 7)",NA,ANOVA,No,,,,,,,,,,,,,,,,,,,,,,,,,,,,,,,,,,,,,,,,,,,,,,,,
rayyan-123815011,Pie,Yes,Yes,Yes,Androstenedione;Testosterone,No (if researchers did not measure nor manipulate yolk hormones go directly to questions 5 and 5b),NA,Yes,Both (maternal and offspring),Clutch size;Recapture of individuals;Life-time reproductive success (number of offspring in a full-time life);Longevity,"Include paper (then mark NA in question 5b, and go to questions 6 and 7)",,Mixed models,No,Hormone concentration was analysed oin eggs removed from the nest. Maybe chicks analysis shuold not be included?,,,,,,,,,,,,,,,,,,,,,,,,,,,,,,,,,,,,,,,,,,,,,,,
rayyan-123815076,Nico,Yes,Yes,No,NA,Yes,Androstenedione;Testosterone,Yes,Both (maternal and offspring),"Hatching success (%);Body size (e.g., mass, tarsus, wing, body length, etc)","Include paper (then mark NA in question 5b, and go to questions 6 and 7)",,,,maternal 'fitness' is hatching success. but eggs are injected.. I would ignore this parameter,,,,,,,,,,,,,,,,,,,,,,,,,,,,,,,,,,,,,,,,,,,,,,,
rayyan-123815132,Lu,Yes,Yes,No,NA,Yes,Androstenedione;5-alpha dehydrotestosterone (DHT);Testosterone,Yes,Unclear,"Hatching success (%);Hatching number;Body size (e.g., mass, tarsus, wing, body length, etc);Chick survival","Include paper (then mark NA in question 5b, and go to questions 6 and 7)",NA,Generalized Estimated Equation (GEE),No,,,,,,,,,,,,,,,,,,,,,,,,,,,,,,,,,,,,,,,,,,,,,,,,
rayyan-123815132,Nico,Yes,Yes,No,NA,Yes,Androstenedione;5-alpha dehydrotestosterone (DHT);Testosterone,Yes,Offspring,"Body size (e.g., mass, tarsus, wing, body length, etc)","Include paper (then mark NA in question 5b, and go to questions 6 and 7)",,,,,,,,,,,,,,,,,,,,,,,,,,,,,,,,,,,,,,,,,,,,,,,,,,,
rayyan-123815144,Lu,Yes,Yes,Yes,Testosterone,They manipulated breeding density that altered the concentration of yolk components that female deposited into the egg,"Testosterone;Glucocorticoids (corticosterone, cortisol)",Yes,Unclear,"Body size (e.g., mass, tarsus, wing, body length, etc)","Include paper (then mark NA in question 5b, and go to questions 6 and 7)",NA,Linear regression (correlation) and Chi-square (experimental),No,Correlational + experimental study,,,,,,,,,,,,,,,,,,,,,,,,,,,,,,,,,,,,,,,,,,,,,,,
rayyan-123815148,Lu,Yes,Yes,No,NA,Yes,Testosterone,Yes,Unclear,"Hatching success (%);Hatching number;Body size (e.g., mass, tarsus, wing, body length, etc)","Include paper (then mark NA in question 5b, and go to questions 6 and 7)",NA,Chi-square and ANOVA,Yes,,,,,,,,,,,,,,,,,,,,,,,,,,,,,,,,,,,,,,,,,,,,,,,,
rayyan-123815148,Nico,Yes,Yes,No,NA,Yes,Testosterone,No (Then go to the questions 5 and 5b),,,"Include paper (then mark NA in question 5b, and go to questions 6 and 7)",4. No information on fitness.,,,,,,,,,,,,,,,,,,,,,,,,,,,,,,,,,,,,,,,,,,,,,,,,,,
rayyan-123815148,Pie,Yes,Yes,No,,Yes,Testosterone,Yes,Unclear,"Hatching success (%);Body size (e.g., mass, tarsus, wing, body length, etc)","Include paper (then mark NA in question 5b, and go to questions 6 and 7)",,no hormone concetration given,Yes,,,,,,,,,,,,,,,,,,,,,,,,,,,,,,,,,,,,,,,,,,,,,,,,
rayyan-123815153,Lu,Yes,Yes,No,NA,Yes,Androstenedione;Testosterone,Yes,Unclear,"Body size (e.g., mass, tarsus, wing, body length, etc)","Include paper (then mark NA in question 5b, and go to questions 6 and 7)",NA,(Analysis of variance),No,,,,,,,,,,,,,,,,,,,,,,,,,,,,,,,,,,,,,,,,,,,,,,,,
rayyan-123815153,Nico,Yes,Yes,No,NA,Yes,Androstenedione;Testosterone,Yes,Offspring,"Body size (e.g., mass, tarsus, wing, body length, etc)","Include paper (then mark NA in question 5b, and go to questions 6 and 7)",,Correlation,No,,,,,,,,,,,,,,,,,,,,,,,,,,,,,,,,,,,,,,,,,,,,,,,,
rayyan-123815153,Pie,Yes,Yes,No,,Yes,Testosterone,No (Then go to the questions 5 and 5b),,,"Include paper (then mark NA in question 5b, and go to questions 6 and 7)",4. No information on fitness.,,,,,,,,,,,,,,,,,,,,,,,,,,,,,,,,,,,,,,,,,,,,,,,,,,
rayyan-123815155,Pie,Yes,Yes,No,NA,Yes,"Glucocorticoids (corticosterone, cortisol)",Yes,Unclear,"Clutch size;Hatching number;Fledgling number;Body size (e.g., mass, tarsus, wing, body length, etc)","Include paper (then mark NA in question 5b, and go to questions 6 and 7)",,Mixed models,No,"Mums' condition was also manipulated: feather clipping
Eggs were brought to incubators to hatched, then brought back to wild (not written when but I assume so)",,,,,,,,,,,,,,,,,,,,,,,,,,,,,,,,,,,,,,,,,,,,,,,
rayyan-123815168,Lu,Yes,Yes,No,NA,Yes,"Glucocorticoids (corticosterone, cortisol)",Yes,Offspring,"Clutch size;Hatching success (%);Fledgling number;Body size (e.g., mass, tarsus, wing, body length, etc)","Include paper (then mark NA in question 5b, and go to questions 6 and 7)",NA,Mixed models,No,,,,,,,,,,,,,,,,,,,,,,,,,,,,,,,,,,,,,,,,,,,,,,,,
rayyan-123815168,Nico,Yes,Yes,No,"Glucocorticoids (corticosterone, cortisol)",Yes,"Glucocorticoids (corticosterone, cortisol)",Yes,Offspring,"Body size (e.g., mass, tarsus, wing, body length, etc);Inmune reactivity: PHA response","Include paper (then mark NA in question 5b, and go to questions 6 and 7)",,Mixed models,Unclear,,,,,,,,,,,,,,,,,,,,,,,,,,,,,,,,,,,,,,,,,,,,,,,,
rayyan-123815168,Pie,Yes,Yes,No,,Yes,"Glucocorticoids (corticosterone, cortisol)",Yes,Offspring,"Hatching success (%);Body size (e.g., mass, tarsus, wing, body length, etc);immunoresponsivness, hematocrit","Include paper (then mark NA in question 5b, and go to questions 6 and 7)",,no yolk hormone,No,,,,,,,,,,,,,,,,,,,,,,,,,,,,,,,,,,,,,,,,,,,,,,,,
rayyan-123815169,Lu,Yes,Yes,No,NA,They manipulated female condition by giving females caterpillars with cort,"Glucocorticoids (corticosterone, cortisol)",Yes,Unclear,"Clutch size;Body size (e.g., mass, tarsus, wing, body length, etc)","Include paper (then mark NA in question 5b, and go to questions 6 and 7)",NA,Mixed models,Yes,,,,,,,,,,,,,,,,,,,,,,,,,,,,,,,,,,,,,,,,,,,,,,,,
rayyan-123815175,Lu,Yes,Yes,Yes,"Testosterone;Glucocorticoids (corticosterone, cortisol)",No (if researchers did not measure nor manipulate yolk hormones go directly to questions 5 and 5b),NA,Yes,Unclear,Clutch size,"Include paper (then mark NA in question 5b, and go to questions 6 and 7)",NA,Mixed models,No,,,,,,,,,,,,,,,,,,,,,,,,,,,,,,,,,,,,,,,,,,,,,,,,
rayyan-123815175,Nico,Yes,Yes,Yes,"Testosterone;Glucocorticoids (corticosterone, cortisol)",No (if researchers did not measure nor manipulate yolk hormones go directly to questions 5 and 5b),NA,Yes,Maternal,Clutch size,"Include paper (then mark NA in question 5b, and go to questions 6 and 7)",,Mixed models,Unclear,,,,,,,,,,,,,,,,,,,,,,,,,,,,,,,,,,,,,,,,,,,,,,,,
rayyan-123815175,Pie,Yes,Yes,Yes,"Testosterone;Glucocorticoids (corticosterone, cortisol)",they tried with a predator experiment but there was no influence of the treatment on egg hormone concetration,,Yes,Unclear,Clutch size,"Include paper (then mark NA in question 5b, and go to questions 6 and 7)",,"No correlation given, correlation with clutch size reported only with treatment, unclear whether it would be possible to extract correlation between clutch size and hormones concetration",Unclear,,,,,,,,,,,,,,,,,,,,,,,,,,,,,,,,,,,,,,,,,,,,,,,,
rayyan-123815175,Lu,Yes,Yes,No,NA,They expose birds to a fake predator to modify the condition of the female,"Testosterone;Glucocorticoids (corticosterone, cortisol)",No (Then go to the questions 5 and 5b),,,Exclude paper,4. No information on fitness.,Mixed models,No,They manipulated female condition (exposition to predator) and measure hormone levels in the egg. But there are no analyses linking egg hormone levels and fitness parameters (they measured clutch size but this was related to the treatment and not egg concentration),,,,,,,,,,,,,,,,,,,,,,,,,,,,,,,,,,,,,,,,,,,,,,,
rayyan-123815176,Pie,Yes,Yes,No,NA,No (if researchers did not measure nor manipulate yolk hormones go directly to questions 5 and 5b),,,,,Exclude paper,3. Researchers did not measure/manipulate hormone concentration in eggs.,,,,,,,,,,,,,,,,,,,,,,,,,,,,,,,,,,,,,,,,,,,,,,,,,,
rayyan-123815177,Lu,Yes,Yes,No,NA,No (if researchers did not measure nor manipulate yolk hormones go directly to questions 5 and 5b),NA,,,,Exclude paper,3. Researchers did not measure/manipulate hormone concentration in eggs.,,,,,,,,,,,,,,,,,,,,,,,,,,,,,,,,,,,,,,,,,,,,,,,,,,
rayyan-123815177,Nico,Yes,Yes,No,,No (if researchers did not measure nor manipulate yolk hormones go directly to questions 5 and 5b),,,,,Exclude paper,3. Researchers did not measure/manipulate hormone concentration in eggs.,,,nothing on eggs,,,,,,,,,,,,,,,,,,,,,,,,,,,,,,,,,,,,,,,,,,,,,,,
rayyan-123815183,Lu,Yes,Yes,No,NA,Yes,Androstenedione;Testosterone,Yes,Unclear,Hatching success (%);Hatching number,"Include paper (then mark NA in question 5b, and go to questions 6 and 7)",NA,NA - info on number of chicks that hatch is written in the text,No,,,,,,,,,,,,,,,,,,,,,,,,,,,,,,,,,,,,,,,,,,,,,,,,
rayyan-123815188,Lu,Yes,Yes,No,NA,Yes,"Glucocorticoids (corticosterone, cortisol)",Maybe,Unclear,"Body size (e.g., mass, tarsus, wing, body length, etc)",Exclude paper,,,No,"Not sure: they manipulated cort concentrations in the egg and measured the body condition of the embryo shortly before hatching (i.e., they removed the eggs, kill the embryo and measure it before they hatch). I think we should not include it. But... better to be discussed.",,,,,,,,,,,,,,,,,,,,,,,,,,,,,,,,,,,,,,,,,,,,,,,
rayyan-123815189,Pie,Yes,Yes,No,NA,No (if researchers did not measure nor manipulate yolk hormones go directly to questions 5 and 5b),,,,,Exclude paper,3. Researchers did not measure/manipulate hormone concentration in eggs.,,,,,,,,,,,,,,,,,,,,,,,,,,,,,,,,,,,,,,,,,,,,,,,,,,
rayyan-123815197,Lu,Yes,No (Then go to the questions 5 and 5b),,,,,,,,Exclude paper,2. The study was not done in the wild.,,,Temperature at incubation was manipulated. Turtles hatched in the lab.,,,,,,,,,,,,,,,,,,,,,,,,,,,,,,,,,,,,,,,,,,,,,,,
rayyan-123815202,Nico,Yes,Yes,No,NA,No (if researchers did not measure nor manipulate yolk hormones go directly to questions 5 and 5b),,,,,Exclude paper,3. Researchers did not measure/manipulate hormone concentration in eggs.,,Unclear,,,,,,,,,,,,,,,,,,,,,,,,,,,,,,,,,,,,,,,,,,,,,,,,
rayyan-123815207,Lu,Yes,Yes,Yes,Testosterone,No (if researchers did not measure nor manipulate yolk hormones go directly to questions 5 and 5b),NA,No (Then go to the questions 5 and 5b),,,Exclude paper,4. No information on fitness.,,Yes,They did measure fitness but associated with egg shell pigmentation. Not with hormone levels,,,,,,,,,,,,,,,,,,,,,,,,,,,,,,,,,,,,,,,,,,,,,,,
rayyan-123815214,Lu,Yes,Yes,Yes,"Androstenedione;Testosterone;Glucocorticoids (corticosterone, cortisol);Estradiol;Progesterone;+ 22 steroid hormones more",No (if researchers did not measure nor manipulate yolk hormones go directly to questions 5 and 5b),NA,Yes,Unclear,Nest daily survival rate,Exclude paper,NA,Mixed models,No,They measured 27 steroid hormones from 7 different species. Did a PCA. And related yolk hormones (PCA) with predation rate. I do not think that predation rate can be explained by yolk hormones but if authors consider so should we include this study?,,,,,,,,,,,,,,,,,,,,,,,,,,,,,,,,,,,,,,,,,,,,,,,
rayyan-123815223,Lu,Yes,"Females were obtained from the wild, and then the eggs were brought into the lab",Yes,Testosterone;Estradiol;Progesterone,No (if researchers did not measure nor manipulate yolk hormones go directly to questions 5 and 5b),NA,No (Then go to the questions 5 and 5b),,,Exclude paper,4. No information on fitness.,,,,,,,,,,,,,,,,,,,,,,,,,,,,,,,,,,,,,,,,,,,,,,,,,,
rayyan-123815223,Nico,Yes,No (Then go to the questions 5 and 5b),,,,,,,,Exclude paper,NA,,,oviposition was induced with oxitocine injections. for me this is sufficient argument to exclude,,,,,,,,,,,,,,,,,,,,,,,,,,,,,,,,,,,,,,,,,,,,,,,
rayyan-123815223,Pie,Yes,No (Then go to the questions 5 and 5b),,,,,,,,Exclude paper,2. The study was not done in the wild.,,,Wild eggs brought to the lab,,,,,,,,,,,,,,,,,,,,,,,,,,,,,,,,,,,,,,,,,,,,,,,
rayyan-123815225,Nico,Yes,Yes,Yes,Androstenedione;Testosterone,No (if researchers did not measure nor manipulate yolk hormones go directly to questions 5 and 5b),,No (Then go to the questions 5 and 5b),,,Exclude paper,4. No information on fitness.,,Unclear,,,,,,,,,,,,,,,,,,,,,,,,,,,,,,,,,,,,,,,,,,,,,,,,
rayyan-123815230,Lu,Yes,"The eggs were obtained from a free-living pop, but fitness traits were measured in the lab",No,NA,Yes,Estradiol,Yes,Unclear,Clutch size;Hatching success (%),Exclude paper,2. The study was not done in the wild.,Mixed models,No,"The researchers manipulated yolk content (estrogens), but hatchling success (fitness proxy) was measured after bringing the eggs into the lab. The researchers report that the incubation temperatures (modified according to current research lines) influenced the sex of the offspring. I would exclude this paper",,,,,,,,,,,,,,,,,,,,,,,,,,,,,,,,,,,,,,,,,,,,,,,
rayyan-123815230,Pie,Yes,No (Then go to the questions 5 and 5b),,,,,,,,Exclude paper,2. The study was not done in the wild.,,,wild eggs (or mothers) brought to the lab ,,,,,,,,,,,,,,,,,,,,,,,,,,,,,,,,,,,,,,,,,,,,,,,
rayyan-123815230,Nico,Yes,No (Then go to the questions 5 and 5b),No,NA,No (if researchers did not measure nor manipulate yolk hormones go directly to questions 5 and 5b),NA,No (Then go to the questions 5 and 5b),,,Exclude paper,2. The study was not done in the wild.,,,I would exclude as it is all captive tests,,,,,,,,,,,,,,,,,,,,,,,,,,,,,,,,,,,,,,,,,,,,,,,
rayyan-123815235,Pie,Yes,Yes,Yes,Androstenedione;Testosterone,No (if researchers did not measure nor manipulate yolk hormones go directly to questions 5 and 5b),NA,No (Then go to the questions 5 and 5b),,,Exclude paper,4. No information on fitness.,,,,,,,,,,,,,,,,,,,,,,,,,,,,,,,,,,,,,,,,,,,,,,,,,,
rayyan-123815237,Lu,Yes,Yes,Yes,Testosterone,No (if researchers did not measure nor manipulate yolk hormones go directly to questions 5 and 5b),NA,Yes,Unclear,"Body size (e.g., mass, tarsus, wing, body length, etc)","Include paper (then mark NA in question 5b, and go to questions 6 and 7)",NA,Mixed models,Yes,,,,,,,,,,,,,,,,,,,,,,,,,,,,,,,,,,,,,,,,,,,,,,,,
rayyan-123815241,Nico,Yes,Yes,Yes,Androstenedione;5-alpha dehydrotestosterone (DHT);Testosterone,No (if researchers did not measure nor manipulate yolk hormones go directly to questions 5 and 5b),NA,No (Then go to the questions 5 and 5b),,,Exclude paper,4. No information on fitness.,,,,,,,,,,,,,,,,,,,,,,,,,,,,,,,,,,,,,,,,,,,,,,,,,,
rayyan-123815250,Lu,Yes,Yes,Yes,Testosterone,They manipulated the condition of the male expecting to find an effect on female deposition,Testosterone,Yes,Unclear,"Fledgling number;Body size (e.g., mass, tarsus, wing, body length, etc)",Exclude paper,NA,NA,No,"They measured testosterone concentrations in eggs and fitness parameters but these traits were linked to the experiment they perform (i.e., male manipulation). There is no information on the relationship between fitness and with nests containing eggs with a specific concentration of testosterone. We should contact the authors. ",,,,,,,,,,,,,,,,,,,,,,,,,,,,,,,,,,,,,,,,,,,,,,,
rayyan-123815255,Nico,Yes,Yes,Yes,Androstenedione;Testosterone,No (if researchers did not measure nor manipulate yolk hormones go directly to questions 5 and 5b),NA,No (Then go to the questions 5 and 5b),,,Exclude paper,4. No information on fitness.,,,,,,,,,,,,,,,,,,,,,,,,,,,,,,,,,,,,,,,,,,,,,,,,,,
rayyan-123815257,Pie,Yes,No (Then go to the questions 5 and 5b),,,,,,,,Exclude paper,2. The study was not done in the wild.,,,Gravid females brought to the lab,,,,,,,,,,,,,,,,,,,,,,,,,,,,,,,,,,,,,,,,,,,,,,,
rayyan-123815260,Lu,Yes,No (Then go to the questions 5 and 5b),,,,,,,,Exclude paper,2. The study was not done in the wild.,,,,,,,,,,,,,,,,,,,,,,,,,,,,,,,,,,,,,,,,,,,,,,,,,,
rayyan-123815261,Nico,Yes,Yes,Yes,Testosterone,No (if researchers did not measure nor manipulate yolk hormones go directly to questions 5 and 5b),NA,No (Then go to the questions 5 and 5b),,,Exclude paper,4. No information on fitness.,,,,,,,,,,,,,,,,,,,,,,,,,,,,,,,,,,,,,,,,,,,,,,,,,,
rayyan-123815261,Pie,Yes,Yes,Yes,Testosterone,No (if researchers did not measure nor manipulate yolk hormones go directly to questions 5 and 5b),NA,No (Then go to the questions 5 and 5b),,,Exclude paper,,,No,Clutch size was known but never reported and data unavailable.,,,,,,,,,,,,,,,,,,,,,,,,,,,,,,,,,,,,,,,,,,,,,,,
rayyan-123815273,Pie,Yes,No (Then go to the questions 5 and 5b),,,,,,,,Exclude paper,2. The study was not done in the wild.,,,wild derived in captivity,,,,,,,,,,,,,,,,,,,,,,,,,,,,,,,,,,,,,,,,,,,,,,,
rayyan-123815275,Nico,Yes,Yes,Yes,Androstenedione;Testosterone,No (if researchers did not measure nor manipulate yolk hormones go directly to questions 5 and 5b),NA,Yes,Maternal,Clutch size,Exclude paper,,,,clutch size is not related to hormone concentration in the egg. might require further analyses,,,,,,,,,,,,,,,,,,,,,,,,,,,,,,,,,,,,,,,,,,,,,,,
rayyan-123815278,Nico,Yes,No (Then go to the questions 5 and 5b),,,,,,,,Exclude paper,2. The study was not done in the wild.,,,,,,,,,,,,,,,,,,,,,,,,,,,,,,,,,,,,,,,,,,,,,,,,,,
rayyan-123815282,Lu,Yes,No (Then go to the questions 5 and 5b),,,,,,,,Exclude paper,2. The study was not done in the wild.,,,,,,,,,,,,,,,,,,,,,,,,,,,,,,,,,,,,,,,,,,,,,,,,,,
rayyan-123815287,Lu,Yes,Yes,Yes,Androstenedione;5-alpha dehydrotestosterone (DHT);Testosterone,No (if researchers did not measure nor manipulate yolk hormones go directly to questions 5 and 5b),NA,Yes,Unclear,Clutch size;Predation rate of nests & growth rate,"Include paper (then mark NA in question 5b, and go to questions 6 and 7)",NA,Correlation,No,,,,,,,,,,,,,,,,,,,,,,,,,,,,,,,,,,,,,,,,,,,,,,,,
rayyan-123815287,Nico,Yes,Yes,Yes,Androstenedione;5-alpha dehydrotestosterone (DHT);Testosterone,No (if researchers did not measure nor manipulate yolk hormones go directly to questions 5 and 5b),NA,Yes,Both (maternal and offspring),"Clutch size;Body size (e.g., mass, tarsus, wing, body length, etc)","Include paper (then mark NA in question 5b, and go to questions 6 and 7)",,,,,,,,,,,,,,,,,,,,,,,,,,,,,,,,,,,,,,,,,,,,,,,,,,,
rayyan-123815294,Lu,Yes,Yes,No,NA,No (if researchers did not measure nor manipulate yolk hormones go directly to questions 5 and 5b),NA,,,,Exclude paper,3. Researchers did not measure/manipulate hormone concentration in eggs.,,,,,,,,,,,,,,,,,,,,,,,,,,,,,,,,,,,,,,,,,,,,,,,,,,
rayyan-123815294,Nico,Yes,Yes,No,NA,No (if researchers did not measure nor manipulate yolk hormones go directly to questions 5 and 5b),NA,,,,Exclude paper,3. Researchers did not measure/manipulate hormone concentration in eggs.,,,,,,,,,,,,,,,,,,,,,,,,,,,,,,,,,,,,,,,,,,,,,,,,,,
rayyan-123815301,Nico,Yes,No (Then go to the questions 5 and 5b),,,,,,,,Exclude paper,2. The study was not done in the wild.,,,,,,,,,,,,,,,,,,,,,,,,,,,,,,,,,,,,,,,,,,,,,,,,,,
rayyan-123815306,Lu,Yes,Yes,No,NA,Yes,Androstenedione;Testosterone,Yes,Unclear,"Body size (e.g., mass, tarsus, wing, body length, etc)",Exclude paper,NA,Mixed models,No,There is no information on the relationship between yolk components and growth. We should contact the authors. ,,,,,,,,,,,,,,,,,,,,,,,,,,,,,,,,,,,,,,,,,,,,,,,
rayyan-123815312,Pie,Yes,Yes,No,NA,Yes,Androstenedione;Testosterone,Yes,Unclear,growth rate,"Include paper (then mark NA in question 5b, and go to questions 6 and 7)",,,,"This study made use of data on nestling growth that were collected as part of a previously published experiment (Sockman and Schwabl 2000)
Probably the 2 studies need to be combined to understand whether is possible to extract any data",,,,,,,,,,,,,,,,,,,,,,,,,,,,,,,,,,,,,,,,,,,,,,,
rayyan-123815313,Lu,Yes,Yes,No,NA,Yes,Androstenedione;Testosterone,Yes,Unclear,Hatching success (%),"Include paper (then mark NA in question 5b, and go to questions 6 and 7)",NA,Information is written in the text,No,,,,,,,,,,,,,,,,,,,,,,,,,,,,,,,,,,,,,,,,,,,,,,,,
rayyan-123815346,Lu,Yes,No (Then go to the questions 5 and 5b),,,,,,,,Exclude paper,2. The study was not done in the wild.,,,,,,,,,,,,,,,,,,,,,,,,,,,,,,,,,,,,,,,,,,,,,,,,,,
rayyan-123815365,Pie,Yes,Yes,No,NA,Yes,Testosterone,Yes,Unclear,"Clutch size;Hatching success (%);Body size (e.g., mass, tarsus, wing, body length, etc)","Include paper (then mark NA in question 5b, and go to questions 6 and 7)",,t-test or alike,No,hatching success results are in the methods,,,,,,,,,,,,,,,,,,,,,,,,,,,,,,,,,,,,,,,,,,,,,,,
rayyan-123815368,Pie,Yes,No (Then go to the questions 5 and 5b),,,,,,,,Exclude paper,2. The study was not done in the wild.,,,,,,,,,,,,,,,,,,,,,,,,,,,,,,,,,,,,,,,,,,,,,,,,,,
rayyan-123815369,Nico,Yes,No (Then go to the questions 5 and 5b),,,,,,,,Exclude paper,2. The study was not done in the wild.,,,,,,,,,,,,,,,,,,,,,,,,,,,,,,,,,,,,,,,,,,,,,,,,,,
rayyan-123815373,Nico,Yes,Yes,Yes,Testosterone,No (if researchers did not measure nor manipulate yolk hormones go directly to questions 5 and 5b),indirectly - but not relevant,No (Then go to the questions 5 and 5b),,,Exclude paper,4. No information on fitness.,,,,,,,,,,,,,,,,,,,,,,,,,,,,,,,,,,,,,,,,,,,,,,,,,,
rayyan-123815393,Nico,Yes,Yes,Yes,Testosterone,No (if researchers did not measure nor manipulate yolk hormones go directly to questions 5 and 5b),NA,Yes,Offspring,"Fledgling success  (%);Body size (e.g., mass, tarsus, wing, body length, etc)",Exclude paper,,,,I do not find a clear link between egg hormones and fitness traits. Might require our analyses.,,,,,,,,,,,,,,,,,,,,,,,,,,,,,,,,,,,,,,,,,,,,,,,
rayyan-123815393,Pie,Yes,Yes,Yes,Testosterone,No (if researchers did not measure nor manipulate yolk hormones go directly to questions 5 and 5b),NA,Of clutches were eggs were extracted ,Unclear,"Fledgling number;Body size (e.g., mass, tarsus, wing, body length, etc)",Exclude paper,,,,"The reported fitness data are for clutches were eggs were removed, not directly of the eggs.",,,,,,,,,,,,,,,,,,,,,,,,,,,,,,,,,,,,,,,,,,,,,,,
rayyan-123815397,Nico,Yes,No (Then go to the questions 5 and 5b),,,,,,,,Exclude paper,2. The study was not done in the wild.,,,is a review,,,,,,,,,,,,,,,,,,,,,,,,,,,,,,,,,,,,,,,,,,,,,,,
rayyan-123815397,Pie,Yes,review article,,,,,,,,Exclude paper,NA,,,Review article not providing novel data  (hence would be scored as out of topic),,,,,,,,,,,,,,,,,,,,,,,,,,,,,,,,,,,,,,,,,,,,,,,
rayyan-123815398,Lu,Yes,Yes,No,NA,No (if researchers did not measure nor manipulate yolk hormones go directly to questions 5 and 5b),NA,,,,Exclude paper,3. Researchers did not measure/manipulate hormone concentration in eggs.,,,,,,,,,,,,,,,,,,,,,,,,,,,,,,,,,,,,,,,,,,,,,,,,,,
rayyan-123815404,Pie,Yes,Only for one of the parameters,No,NA,Yes,Androstenedione;Testosterone,No (Then go to the questions 5 and 5b),,metabolic rate,Exclude paper,4. No information on fitness.,,No,"The only chicks measured in the field are also part of another paper: ""These 15 Oil and 14 T chicks were reared in the field by their foster parents and were part of an experiment focussing on the effect of maternal yolk hormone levels on begging behaviour (Eising and Groothuis, in press).""
In this paper no fitness trait is reported",,,,,,,,,,,,,,,,,,,,,,,,,,,,,,,,,,,,,,,,,,,,,,,
rayyan-123815405,Pie,Yes,No (Then go to the questions 5 and 5b),,,,,,,,Exclude paper,2. The study was not done in the wild.,,,"eggs collected in the wild and artificially incubated. Also, no information on fitness",,,,,,,,,,,,,,,,,,,,,,,,,,,,,,,,,,,,,,,,,,,,,,,
rayyan-123815411,Lu,Yes,Yes,Yes,"Glucocorticoids (corticosterone, cortisol)",Manipulated female cort levels,"Glucocorticoids (corticosterone, cortisol)",Yes,Offspring,"Clutch size;Hatching success (%);Fledgling number;Body size (e.g., mass, tarsus, wing, body length, etc)","Include paper (then mark NA in question 5b, and go to questions 6 and 7)",NA,Mixed models,No,"Clutch size and hatching data (i.e., number or success) are not in the paper",,,,,,,,,,,,,,,,,,,,,,,,,,,,,,,,,,,,,,,,,,,,,,,
rayyan-123815411,Pie,Yes,Yes,Yes,"Glucocorticoids (corticosterone, cortisol)",silastic implants in females,NA,Yes,Offspring,"Body size (e.g., mass, tarsus, wing, body length, etc);immunoresponse","Include paper (then mark NA in question 5b, and go to questions 6 and 7)",,Correlation,No,,,,,,,,,,,,,,,,,,,,,,,,,,,,,,,,,,,,,,,,,,,,,,,,
rayyan-123815411,Nico,Yes,Yes,Yes,"Glucocorticoids (corticosterone, cortisol)",manipulated the female and showed that this affected the eggs,"Glucocorticoids (corticosterone, cortisol)",Yes,Both (maternal and offspring),"Clutch size;Hatching success (%);Body size (e.g., mass, tarsus, wing, body length, etc)","Include paper (then mark NA in question 5b, and go to questions 6 and 7)",,,No,,,,,,,,,,,,,,,,,,,,,,,,,,,,,,,,,,,,,,,,,,,,,,,,
rayyan-123815417,Nico,Yes,Yes,Yes,"Glucocorticoids (corticosterone, cortisol)",Yes,"Glucocorticoids (corticosterone, cortisol)",Yes,Offspring,"Body size (e.g., mass, tarsus, wing, body length, etc)","Include paper (then mark NA in question 5b, and go to questions 6 and 7)",,,,,,,,,,,,,,,,,,,,,,,,,,,,,,,,,,,,,,,,,,,,,,,,,,,
rayyan-123815431,Lu,Yes,Yes,Yes,Androstenedione;Testosterone;Thryoid hormones (T3 or T4),No (if researchers did not measure nor manipulate yolk hormones go directly to questions 5 and 5b),NA,No (Then go to the questions 5 and 5b),,,Exclude paper,4. No information on fitness.,,,,,,,,,,,,,,,,,,,,,,,,,,,,,,,,,,,,,,,,,,,,,,,,,,
rayyan-123815431,Pie,Yes,Yes,Yes,Androstenedione;Testosterone;Thryoid hormones (T3 or T4),No (if researchers did not measure nor manipulate yolk hormones go directly to questions 5 and 5b),NA,No (Then go to the questions 5 and 5b),,,Exclude paper,4. No information on fitness.,,,egg hormone concetration correlated with ambient temperature during egg formation. No fitness parameters collected.,,,,,,,,,,,,,,,,,,,,,,,,,,,,,,,,,,,,,,,,,,,,,,,
rayyan-123815431,Nico,Yes,Yes,Yes,Androstenedione;Testosterone;Thryoid hormones (T3 or T4),No (if researchers did not measure nor manipulate yolk hormones go directly to questions 5 and 5b),NA,Yes,Maternal,Clutch size,Exclude paper,,,No,The information of clutch size must be there but is not reported. It would require getting the data and doing the analyses ourserlves.,,,,,,,,,,,,,,,,,,,,,,,,,,,,,,,,,,,,,,,,,,,,,,,
rayyan-123815438,Pie,Yes,Yes,No,NA,they manipulated hormon concentration in the mothers,Thyroid hormones (T3 or T4),No (Then go to the questions 5 and 5b),,,Exclude paper,,,Yes,Clutch size correlation with the tiroid hormones is not reported but could MAYBE be extracted from raw data ,,,,,,,,,,,,,,,,,,,,,,,,,,,,,,,,,,,,,,,,,,,,,,,
rayyan-123815439,Nico,Yes,Yes,No,NA,Yes,Thyroid hormones (T3 or T4),Yes,Offspring,"Body size (e.g., mass, tarsus, wing, body length, etc)","Include paper (then mark NA in question 5b, and go to questions 6 and 7)",,,,,,,,,,,,,,,,,,,,,,,,,,,,,,,,,,,,,,,,,,,,,,,,,,,
rayyan-123815439,Pie,Yes,Yes,No,NA,Yes,Thyroid hormones (T3 or T4),Yes,Unclear,"Hatching success (%);Body size (e.g., mass, tarsus, wing, body length, etc)","Include paper (then mark NA in question 5b, and go to questions 6 and 7)",,,,crossed with another experiment modifying nest box temp. maybe we can use only the control group,,,,,,,,,,,,,,,,,,,,,,,,,,,,,,,,,,,,,,,,,,,,,,,
rayyan-123815446,Nico,Yes,Yes,Yes,Testosterone,No (if researchers did not measure nor manipulate yolk hormones go directly to questions 5 and 5b),NA,No (Then go to the questions 5 and 5b),,,Exclude paper,4. No information on fitness.,,,,,,,,,,,,,,,,,,,,,,,,,,,,,,,,,,,,,,,,,,,,,,,,,,
rayyan-123815459,Lu,Yes,Yes,No,NA,Yes,"Glucocorticoids (corticosterone, cortisol)",Yes,Both (maternal and offspring),"Clutch size;Hatching success (%);Fledgling success  (%);Body size (e.g., mass, tarsus, wing, body length, etc);Maternal survival and future fecundity the following 2 years","Include paper (then mark NA in question 5b, and go to questions 6 and 7)",NA,Anova + mixed models,No,Info on sex-specific effects,,,,,,,,,,,,,,,,,,,,,,,,,,,,,,,,,,,,,,,,,,,,,,,
rayyan-123815459,Pie,Yes,Yes,No,NA,Yes,"Glucocorticoids (corticosterone, cortisol)",Yes,Both (maternal and offspring),"Hatching success (%);Fledgling success  (%);Body size (e.g., mass, tarsus, wing, body length, etc);brood size, recapture of mothers, immunoresponse","Include paper (then mark NA in question 5b, and go to questions 6 and 7)",,t-test or alike,No,Chicks were brought to the lab to hatch but they were incubated only for some hours so it should be fine?,,,,,,,,,,,,,,,,,,,,,,,,,,,,,,,,,,,,,,,,,,,,,,,
rayyan-123815459,Nico,Yes,Yes,No,"Glucocorticoids (corticosterone, cortisol);NA",Yes,"Glucocorticoids (corticosterone, cortisol)",Yes,Both (maternal and offspring),"Clutch size;Hatching success (%);Hatching number;Fledgling success  (%);Body size (e.g., mass, tarsus, wing, body length, etc);PHA test","Include paper (then mark NA in question 5b, and go to questions 6 and 7)",NA,multiple different,No,,,,,,,,,,,,,,,,,,,,,,,,,,,,,,,,,,,,,,,,,,,,,,,,
rayyan-123815469,Pie,Yes,Yes,I did not check,NA,I did no check,NA,No (Then go to the questions 5 and 5b),,,Exclude paper,4. No information on fitness.,,,All eggs frozen,,,,,,,,,,,,,,,,,,,,,,,,,,,,,,,,,,,,,,,,,,,,,,,
rayyan-123815478,Lu,Yes,Yes,No,NA,Yes,Estradiol;Fadrazole (aromatase inhibitor),Yes,Unclear,Hatching success (%),Exclude paper,NA,Hatching % is reported in the text (no stats),No,In turtles - they put the nests back into the sand at different temperatures. In a randomized way. ,,,,,,,,,,,,,,,,,,,,,,,,,,,,,,,,,,,,,,,,,,,,,,,
rayyan-123815478,Nico,Yes,No (Then go to the questions 5 and 5b),,,,,,,,Exclude paper,2. The study was not done in the wild.,,,unnatural conditions,,,,,,,,,,,,,,,,,,,,,,,,,,,,,,,,,,,,,,,,,,,,,,,
rayyan-123815480,Nico,Yes,,Yes,Testosterone;Estradiol,No (if researchers did not measure nor manipulate yolk hormones go directly to questions 5 and 5b),NA,No (Then go to the questions 5 and 5b),,,Exclude paper,4. No information on fitness.,,,,,,,,,,,,,,,,,,,,,,,,,,,,,,,,,,,,,,,,,,,,,,,,,,
rayyan-123815484,Lu,Yes,Yes,No,NA,No (if researchers did not measure nor manipulate yolk hormones go directly to questions 5 and 5b),NA,,,,Exclude paper,3. Researchers did not measure/manipulate hormone concentration in eggs.,,,,,,,,,,,,,,,,,,,,,,,,,,,,,,,,,,,,,,,,,,,,,,,,,,
rayyan-123815484,Nico,Yes,Yes,No,NA,No (if researchers did not measure nor manipulate yolk hormones go directly to questions 5 and 5b),NA,,,,Exclude paper,3. Researchers did not measure/manipulate hormone concentration in eggs.,,,,,,,,,,,,,,,,,,,,,,,,,,,,,,,,,,,,,,,,,,,,,,,,,,
rayyan-123815484,Pie,Yes,Yes,No,NA,No (if researchers did not measure nor manipulate yolk hormones go directly to questions 5 and 5b),NA,,,,Exclude paper,3. Researchers did not measure/manipulate hormone concentration in eggs.,,,,,,,,,,,,,,,,,,,,,,,,,,,,,,,,,,,,,,,,,,,,,,,,,,
rayyan-123815487,Lu,Yes,Yes,No,NA,Yes,Androstenedione;Testosterone,Yes,Unclear,"Body size (e.g., mass, tarsus, wing, body length, etc);Feather growth","Include paper (then mark NA in question 5b, and go to questions 6 and 7)",NA,Mixed models,No,,,,,,,,,,,,,,,,,,,,,,,,,,,,,,,,,,,,,,,,,,,,,,,,
rayyan-123815489,Nico,Yes,No (Then go to the questions 5 and 5b),,,,,,,,Exclude paper,2. The study was not done in the wild.,,,,,,,,,,,,,,,,,,,,,,,,,,,,,,,,,,,,,,,,,,,,,,,,,,
rayyan-123815489,Pie,Yes,No (Then go to the questions 5 and 5b),,,,,,,,Exclude paper,2. The study was not done in the wild.,,,pregnant females brought to the lab,,,,,,,,,,,,,,,,,,,,,,,,,,,,,,,,,,,,,,,,,,,,,,,
rayyan-123815503,Pie,Yes,"eggs used for hormone analysis brought to the lab., others brought to the lab at hatching",Yes,Testosterone;Estradiol,No (if researchers did not measure nor manipulate yolk hormones go directly to questions 5 and 5b),NA,in the lab.,Unclear,,Exclude paper,,,No,"concetration of hormones is said to not vary intraclutch so the field data until hatching maybe usable. But, the only fitness traits it would be possible to extract clutch size and hatching success are not reported. ",,,,,,,,,,,,,,,,,,,,,,,,,,,,,,,,,,,,,,,,,,,,,,,
rayyan-123815525,Lu,Yes,Yes,Yes,Androstenedione;5-alpha dehydrotestosterone (DHT);Testosterone,No (if researchers did not measure nor manipulate yolk hormones go directly to questions 5 and 5b),NA,No (Then go to the questions 5 and 5b),,,Exclude paper,4. No information on fitness.,,,,,,,,,,,,,,,,,,,,,,,,,,,,,,,,,,,,,,,,,,,,,,,,,,
rayyan-123815583,Nico,Yes,Yes,Yes,Thryoid hormones (T3 or T4),No (if researchers did not measure nor manipulate yolk hormones go directly to questions 5 and 5b),NA,No (Then go to the questions 5 and 5b),,,Exclude paper,4. No information on fitness.,,,,,,,,,,,,,,,,,,,,,,,,,,,,,,,,,,,,,,,,,,,,,,,,,,
rayyan-123815586,Nico,Yes,Yes,No,NA,Yes,Thyroid hormones (T3 or T4),Yes,Both (maternal and offspring),"Hatching success (%);Fledgling success  (%);Body size (e.g., mass, tarsus, wing, body length, etc)","Include paper (then mark NA in question 5b, and go to questions 6 and 7)",,,,,,,,,,,,,,,,,,,,,,,,,,,,,,,,,,,,,,,,,,,,,,,,,,,
rayyan-123815588,Pie,Yes,Yes,No,NA,Yes,Testosterone,Yes,Unclear,"Hatching success (%);Fledgling success  (%);Body size (e.g., mass, tarsus, wing, body length, etc)","Include paper (then mark NA in question 5b, and go to questions 6 and 7)",,Mixed models,No,,,,,,,,,,,,,,,,,,,,,,,,,,,,,,,,,,,,,,,,,,,,,,,,
rayyan-123815598,Lu,Yes,Yes,Yes,"Glucocorticoids (corticosterone, cortisol)",No (if researchers did not measure nor manipulate yolk hormones go directly to questions 5 and 5b),NA,No (Then go to the questions 5 and 5b),,,Exclude paper,4. No information on fitness.,,,,,,,,,,,,,,,,,,,,,,,,,,,,,,,,,,,,,,,,,,,,,,,,,,
rayyan-123815598,Pie,Yes,Yes,Yes,"Glucocorticoids (corticosterone, cortisol)",No (if researchers did not measure nor manipulate yolk hormones go directly to questions 5 and 5b),NA,No (Then go to the questions 5 and 5b),,,Exclude paper,4. No information on fitness.,,,,,,,,,,,,,,,,,,,,,,,,,,,,,,,,,,,,,,,,,,,,,,,,,,
rayyan-123815598,Nico,Yes,Yes,Yes,"Glucocorticoids (corticosterone, cortisol)",No (if researchers did not measure nor manipulate yolk hormones go directly to questions 5 and 5b),NA,No (Then go to the questions 5 and 5b),,,Exclude paper,4. No information on fitness.,,,,,,,,,,,,,,,,,,,,,,,,,,,,,,,,,,,,,,,,,,,,,,,,,,
rayyan-123815602,Nico,Yes,Yes,No,NA,Yes,Testosterone,Yes,Both (maternal and offspring),"Hatching success (%);Body size (e.g., mass, tarsus, wing, body length, etc)","Include paper (then mark NA in question 5b, and go to questions 6 and 7)",NA,,,,,,,,,,,,,,,,,,,,,,,,,,,,,,,,,,,,,,,,,,,,,,,,,,
rayyan-123815621,Pie,Yes,No (Then go to the questions 5 and 5b),,,,,,,,Exclude paper,2. The study was not done in the wild.,,,Experiment fully in captivity. Some eggs collected in the wild but incubated in captivity ,,,,,,,,,,,,,,,,,,,,,,,,,,,,,,,,,,,,,,,,,,,,,,,
rayyan-123815627,Pie,Yes,Yes,Yes,I did not check,No (if researchers did not measure nor manipulate yolk hormones go directly to questions 5 and 5b),NA,No (Then go to the questions 5 and 5b),,,Exclude paper,4. No information on fitness.,,,,,,,,,,,,,,,,,,,,,,,,,,,,,,,,,,,,,,,,,,,,,,,,,,
rayyan-123815636,Pie,Yes,Yes,Yes,Testosterone,No (if researchers did not measure nor manipulate yolk hormones go directly to questions 5 and 5b),NA,No (Then go to the questions 5 and 5b),,,Exclude paper,,,No,"for the fitness data it only says:"" ..Jungle Crows Corvus macrorhynchos and Slatybacked Gulls L. schistisagus depredated most of the yolk-sampled eggs (80/94 eggs), after the study the 14 eggs left hatched succesfully""",,,,,,,,,,,,,,,,,,,,,,,,,,,,,,,,,,,,,,,,,,,,,,,
rayyan-123815641,Pie,Yes,No (Then go to the questions 5 and 5b),,,,,,,,Exclude paper,2. The study was not done in the wild.,,,Wild derived eggs were incubated in captivity and then frozen,,,,,,,,,,,,,,,,,,,,,,,,,,,,,,,,,,,,,,,,,,,,,,,
rayyan-123815642,Lu,Yes,Yes,Yes,Androstenedione;Testosterone,No (if researchers did not measure nor manipulate yolk hormones go directly to questions 5 and 5b),NA,No (Then go to the questions 5 and 5b),,,Exclude paper,4. No information on fitness.,,,,,,,,,,,,,,,,,,,,,,,,,,,,,,,,,,,,,,,,,,,,,,,,,,
rayyan-123815649,Pie,Yes,Yes,Yes,I did not check,No (if researchers did not measure nor manipulate yolk hormones go directly to questions 5 and 5b),,No (Then go to the questions 5 and 5b),,,Exclude paper,,,,Only clutch size may be extracted but no data about it are provided...,,,,,,,,,,,,,,,,,,,,,,,,,,,,,,,,,,,,,,,,,,,,,,,
rayyan-123815651,Lu,Yes,Yes,Yes,Androstenedione;5-alpha dehydrotestosterone (DHT);Testosterone,No (if researchers did not measure nor manipulate yolk hormones go directly to questions 5 and 5b),NA,No (Then go to the questions 5 and 5b),,,Exclude paper,4. No information on fitness.,,,,,,,,,,,,,,,,,,,,,,,,,,,,,,,,,,,,,,,,,,,,,,,,,,
rayyan-123815651,Nico,Yes,Yes,Yes,Androstenedione;5-alpha dehydrotestosterone (DHT);Testosterone,No (if researchers did not measure nor manipulate yolk hormones go directly to questions 5 and 5b),NA,No (Then go to the questions 5 and 5b),,,Exclude paper,4. No information on fitness.,,,,,,,,,,,,,,,,,,,,,,,,,,,,,,,,,,,,,,,,,,,,,,,,,,
rayyan-123815652,Lu,Yes,Yes,Yes,Androstenedione;Testosterone,No (if researchers did not measure nor manipulate yolk hormones go directly to questions 5 and 5b),NA,Yes,Maternal,"Body size (e.g., mass, tarsus, wing, body length, etc)",Exclude paper,NA,Mixed models,No,They measured A4 and testo in egg and then the body mass of the female after egg competition. Body mass might be a determinant of fitness in females.,,,,,,,,,,,,,,,,,,,,,,,,,,,,,,,,,,,,,,,,,,,,,,,
rayyan-123815653,Lu,Yes,Yes,No,NA,Yes,Androstenedione;Testosterone,Yes,Unclear,"Hatching number;Fledgling success  (%);Body size (e.g., mass, tarsus, wing, body length, etc);Chick survival","Include paper (then mark NA in question 5b, and go to questions 6 and 7)",NA,T-test and hierarchical models,No,,,,,,,,,,,,,,,,,,,,,,,,,,,,,,,,,,,,,,,,,,,,,,,,
rayyan-123815655,Nico,Yes,Yes,No,NA,Yes,Testosterone,Yes,Both (maternal and offspring),"Hatching success (%);Body size (e.g., mass, tarsus, wing, body length, etc)","Include paper (then mark NA in question 5b, and go to questions 6 and 7)",NA,,,,,,,,,,,,,,,,,,,,,,,,,,,,,,,,,,,,,,,,,,,,,,,,,,
rayyan-123815657,Nico,Yes,Yes,No,NA,Yes,Androstenedione;Testosterone,,Maternal,Hatching success (%),"Include paper (then mark NA in question 5b, and go to questions 6 and 7)",,,,only hatching success is reported/ manipulation exp,,,,,,,,,,,,,,,,,,,,,,,,,,,,,,,,,,,,,,,,,,,,,,,
rayyan-123815658,Lu,Yes,Yes,Yes,Androstenedione;Testosterone,No (if researchers did not measure nor manipulate yolk hormones go directly to questions 5 and 5b),NA,No (Then go to the questions 5 and 5b),,,"Include paper (then mark NA in question 5b, and go to questions 6 and 7)",,Correlation,No,Supplementary file,,,,,,,,,,,,,,,,,,,,,,,,,,,,,,,,,,,,,,,,,,,,,,,
rayyan-123815659,Nico,Yes,Yes,Yes,Androstenedione,No (if researchers did not measure nor manipulate yolk hormones go directly to questions 5 and 5b),NA,Yes,Both (maternal and offspring),"Clutch size;Body size (e.g., mass, tarsus, wing, body length, etc)","Include paper (then mark NA in question 5b, and go to questions 6 and 7)",NA,,,,,,,,,,,,,,,,,,,,,,,,,,,,,,,,,,,,,,,,,,,,,,,,,,
rayyan-123815660,Lu,Yes,Yes,Yes,"Androstenedione;5-alpha dehydrotestosterone (DHT);Testosterone;Glucocorticoids (corticosterone, cortisol);Estradiol",Yes,Androstenedione;Testosterone,Yes,Unclear,"Fledgling number;Body size (e.g., mass, tarsus, wing, body length, etc)","Include paper (then mark NA in question 5b, and go to questions 6 and 7)",NA,ANOVA,No,The relationship between yolk hormones and fitness traits is only for the experimental part,,,,,,,,,,,,,,,,,,,,,,,,,,,,,,,,,,,,,,,,,,,,,,,
rayyan-123815661,Lu,Yes,Yes,Yes,"Androstenedione;Testosterone;Glucocorticoids (corticosterone, cortisol);Estradiol",By manipulating female condition,"Androstenedione;Testosterone;Glucocorticoids (corticosterone, cortisol);Estradiol",No (Then go to the questions 5 and 5b),,,Exclude paper,4. No information on fitness.,,,,,,,,,,,,,,,,,,,,,,,,,,,,,,,,,,,,,,,,,,,,,,,,,,
rayyan-123815661,Pie,Yes,Yes,Yes,"Androstenedione;Testosterone;Glucocorticoids (corticosterone, cortisol);Estradiol",No (if researchers did not measure nor manipulate yolk hormones go directly to questions 5 and 5b),NA,No (Then go to the questions 5 and 5b),,,Exclude paper,4. No information on fitness.,,,,,,,,,,,,,,,,,,,,,,,,,,,,,,,,,,,,,,,,,,,,,,,,,,
rayyan-123815661,Nico,Yes,Yes,Yes,"Androstenedione;Testosterone;Glucocorticoids (corticosterone, cortisol)",No (if researchers did not measure nor manipulate yolk hormones go directly to questions 5 and 5b),NA,No (Then go to the questions 5 and 5b),,,Exclude paper,4. No information on fitness.,,No,,,,,,,,,,,,,,,,,,,,,,,,,,,,,,,,,,,,,,,,,,,,,,,,
rayyan-123815663,Nico,Yes,Yes,Yes,Androstenedione;Testosterone,No (if researchers did not measure nor manipulate yolk hormones go directly to questions 5 and 5b),NA,Yes,Offspring,"Body size (e.g., mass, tarsus, wing, body length, etc)","Include paper (then mark NA in question 5b, and go to questions 6 and 7)",NA,,,,,,,,,,,,,,,,,,,,,,,,,,,,,,,,,,,,,,,,,,,,,,,,,,
rayyan-123815663,Pie,Yes,Yes,Yes,Androstenedione;Testosterone,No (if researchers did not measure nor manipulate yolk hormones go directly to questions 5 and 5b),NA,Yes,Unclear,"Hatching success (%);Fledgling success  (%);Body size (e.g., mass, tarsus, wing, body length, etc);Recapture of individuals","Include paper (then mark NA in question 5b, and go to questions 6 and 7)",,Mixed models,No,,,,,,,,,,,,,,,,,,,,,,,,,,,,,,,,,,,,,,,,,,,,,,,,
rayyan-123815665,Nico,Yes,Yes,Yes,Androstenedione;5-alpha dehydrotestosterone (DHT);Testosterone,No (if researchers did not measure nor manipulate yolk hormones go directly to questions 5 and 5b),NA,No (Then go to the questions 5 and 5b),,,Exclude paper,4. No information on fitness.,,,,,,,,,,,,,,,,,,,,,,,,,,,,,,,,,,,,,,,,,,,,,,,,,,
rayyan-123815673,Nico,Yes,Yes,Yes,Androstenedione;Testosterone,No (if researchers did not measure nor manipulate yolk hormones go directly to questions 5 and 5b),NA,No (Then go to the questions 5 and 5b),,,Exclude paper,4. No information on fitness.,,,,,,,,,,,,,,,,,,,,,,,,,,,,,,,,,,,,,,,,,,,,,,,,,,
rayyan-123815674,Pie,Yes,Yes,No,NA,Yes,Androstenedione;Testosterone;Together,Yes,Unclear,"Hatching success (%);Body size (e.g., mass, tarsus, wing, body length, etc)","Include paper (then mark NA in question 5b, and go to questions 6 and 7)",,,,chicks moved to captivity at d12,,,,,,,,,,,,,,,,,,,,,,,,,,,,,,,,,,,,,,,,,,,,,,,
rayyan-123815679,Pie,Yes,Yes,Yes,Androstenedione;5-alpha dehydrotestosterone (DHT);Testosterone;Progesterone,No (if researchers did not measure nor manipulate yolk hormones go directly to questions 5 and 5b),NA,No (Then go to the questions 5 and 5b),,,Exclude paper,,,No,Chicks were taken at hatching and killed. No mention of hatching success or clutch size.,,,,,,,,,,,,,,,,,,,,,,,,,,,,,,,,,,,,,,,,,,,,,,,
rayyan-123815680,Lu,Yes,Yes,Yes,"Androstenedione;5-alpha dehydrotestosterone (DHT);Testosterone;Glucocorticoids (corticosterone, cortisol);Estradiol",No (if researchers did not measure nor manipulate yolk hormones go directly to questions 5 and 5b),NA,Yes,Unclear,Clutch size,Exclude paper,NA,Mixed models,Yes,,,,,,,,,,,,,,,,,,,,,,,,,,,,,,,,,,,,,,,,,,,,,,,,
rayyan-123815680,Pie,Yes,Yes,Yes,I did not check,No (if researchers did not measure nor manipulate yolk hormones go directly to questions 5 and 5b),NA,No (Then go to the questions 5 and 5b),,,Exclude paper,4. No information on fitness.,,No,Only clutch size could be known from these data but they are not available,,,,,,,,,,,,,,,,,,,,,,,,,,,,,,,,,,,,,,,,,,,,,,,
rayyan-123815681,Pie,Yes,Yes,No,NA,Yes,Testosterone,Yes,Unclear,Hatching success (%),"Include paper (then mark NA in question 5b, and go to questions 6 and 7)",,t-test or alike,No,,,,,,,,,,,,,,,,,,,,,,,,,,,,,,,,,,,,,,,,,,,,,,,,
rayyan-123815683,Lu,Yes,Yes,Yes,Testosterone;Estradiol,No (if researchers did not measure nor manipulate yolk hormones go directly to questions 5 and 5b),NA,Yes,Offspring,Clutch size,"Include paper (then mark NA in question 5b, and go to questions 6 and 7)",NA,Mixed models,No,,,,,,,,,,,,,,,,,,,,,,,,,,,,,,,,,,,,,,,,,,,,,,,,
rayyan-123815683,Pie,Yes,Yes,Yes,Testosterone;Estradiol,No (if researchers did not measure nor manipulate yolk hormones go directly to questions 5 and 5b),NA,"eggs collected, only clutch size reported",Unclear,Clutch size,"Include paper (then mark NA in question 5b, and go to questions 6 and 7)",,concentration in the different clutch size,No,"Eggs collected, only clutch size reported, not sure how can this be used.",,,,,,,,,,,,,,,,,,,,,,,,,,,,,,,,,,,,,,,,,,,,,,,
rayyan-123815683,Nico,Yes,Yes,Yes,Testosterone;Estradiol,No (if researchers did not measure nor manipulate yolk hormones go directly to questions 5 and 5b),NA,Yes,Maternal,Clutch size,"Include paper (then mark NA in question 5b, and go to questions 6 and 7)",NA,Mixed models,No,"""Final models were determined by removing all terms that did not contribute significantly to the model fit""",,,,,,,,,,,,,,,,,,,,,,,,,,,,,,,,,,,,,,,,,,,,,,,
rayyan-123815688,Lu,Yes,Yes,No,NA,Yes,Testosterone,Yes,Unclear,Clutch size;Hatching number;Chick survival,"Include paper (then mark NA in question 5b, and go to questions 6 and 7)",NA,ANOVA,No,,,,,,,,,,,,,,,,,,,,,,,,,,,,,,,,,,,,,,,,,,,,,,,,
rayyan-123815689,Lu,Yes,Yes,No,NA,Yes,Testosterone,Yes,Unclear,"Hatching success (%);Fledgling success  (%);Body size (e.g., mass, tarsus, wing, body length, etc)","Include paper (then mark NA in question 5b, and go to questions 6 and 7)",NA,Mixed models,No,,,,,,,,,,,,,,,,,,,,,,,,,,,,,,,,,,,,,,,,,,,,,,,,
rayyan-123815690,Lu,Yes,Yes,No,NA,Yes,Testosterone,Yes,Unclear,"Hatching success (%);Body size (e.g., mass, tarsus, wing, body length, etc)","Include paper (then mark NA in question 5b, and go to questions 6 and 7)",NA,Mixed models,No,,,,,,,,,,,,,,,,,,,,,,,,,,,,,,,,,,,,,,,,,,,,,,,,
rayyan-123815690,Nico,Yes,Yes,No,NA,Yes,Testosterone,Yes,Offspring,"Body size (e.g., mass, tarsus, wing, body length, etc)","Include paper (then mark NA in question 5b, and go to questions 6 and 7)",,,,,,,,,,,,,,,,,,,,,,,,,,,,,,,,,,,,,,,,,,,,,,,,,,,
rayyan-123815691,Lu,Yes,Yes,No,NA,Yes,Testosterone,Yes,Unclear,"Hatching success (%);Body size (e.g., mass, tarsus, wing, body length, etc)","Include paper (then mark NA in question 5b, and go to questions 6 and 7)",NA,t-test or alike,No,,,,,,,,,,,,,,,,,,,,,,,,,,,,,,,,,,,,,,,,,,,,,,,,
rayyan-123815691,Nico,Yes,Yes,No,,Yes,Testosterone,Yes,both maternal and offpring - but this is useless in this case,"Hatching success (%);Body size (e.g., mass, tarsus, wing, body length, etc)","Include paper (then mark NA in question 5b, and go to questions 6 and 7)",,t-test or alike,No,,,,,,,,,,,,,,,,,,,,,,,,,,,,,,,,,,,,,,,,,,,,,,,,
rayyan-123815691,Pie,Yes,Yes,No,,Yes,Testosterone,Yes,Unclear,"Hatching success (%);Body size (e.g., mass, tarsus, wing, body length, etc);immunocompetence","Include paper (then mark NA in question 5b, and go to questions 6 and 7)",,no hormon concentration,No,,,,,,,,,,,,,,,,,,,,,,,,,,,,,,,,,,,,,,,,,,,,,,,,
rayyan-863278346,Lu,Yes,Yes,Yes,"In total they measured 21 hormones (9 glucocorticoids, 5 progesterones, 5 androgens, and 2 estrogens)",No (if researchers did not measure nor manipulate yolk hormones go directly to questions 5 and 5b),NA,No (Then go to the questions 5 and 5b),,,Exclude paper,4. No information on fitness.,,Yes,,,,,,,,,,,,,,,,,,,,,,,,,,,,,,,,,,,,,,,,,,,,,,,,
rayyan-863278361,Lu,Yes,No (Then go to the questions 5 and 5b),,,,,,,,Exclude paper,2. The study was not done in the wild.,,No,,,,,,,,,,,,,,,,,,,,,,,,,,,,,,,,,,,,,,,,,,,,,,,,
rayyan-863278414,Lu,Yes,Yes,Yes,Androstenedione;5-alpha dehydrotestosterone (DHT);Testosterone,No (if researchers did not measure nor manipulate yolk hormones go directly to questions 5 and 5b),,Yes,Maternal,Clutch size,"Include paper (then mark NA in question 5b, and go to questions 6 and 7)",,Mixed models,Yes,,,,,,,,,,,,,,,,,,,,,,,,,,,,,,,,,,,,,,,,,,,,,,,,
rayyan-863278427,Lu,Yes,Yes,Yes,"Androstenedione;5-alpha dehydrotestosterone (DHT);Testosterone;Glucocorticoids (corticosterone, cortisol)",No (if researchers did not measure nor manipulate yolk hormones go directly to questions 5 and 5b),NA,Yes,Both (maternal and offspring),"Hatching number;Fledgling number;Body size (e.g., mass, tarsus, wing, body length, etc)","Include paper (then mark NA in question 5b, and go to questions 6 and 7)",NA,Mixed models,Yes,,,,,,,,,,,,,,,,,,,,,,,,,,,,,,,,,,,,,,,,,,,,,,,,
rayyan-863278416,Lu,Yes,Yes,No,NA,Yes,"Glucocorticoids (corticosterone, cortisol)",Yes,Both (maternal and offspring),Hatching success (%);Fledgling number,"Include paper (then mark NA in question 5b, and go to questions 6 and 7)",NA,Mixed models,No,,,,,,,,,,,,,,,,,,,,,,,,,,,,,,,,,,,,,,,,,,,,,,,,
rayyan-863278426,Lu,Yes,Yes,No,NA,They manipulated the female before egg laying,"Glucocorticoids (corticosterone, cortisol)",Yes,Maternal,Clutch size,Maybe,NA,t-test or alike,No,,,,,,,,,,,,,,,,,,,,,,,,,,,,,,,,,,,,,,,,,,,,,,,,
rayyan-863278496,Lu,Yes,No (Then go to the questions 5 and 5b),,,,,,,,Exclude paper,2. The study was not done in the wild.,,,,,,,,,,,,,,,,,,,,,,,,,,,,,,,,,,,,,,,,,,,,,,,,,,
rayyan-863278499,Lu,Yes,Yes,Yes,Thryoid hormones (T3 or T4),Yes,Thyroid hormones (T3 or T4);They manipulated the mother,No (Then go to the questions 5 and 5b),,,Exclude paper,4. No information on fitness.,,,,,,,,,,,,,,,,,,,,,,,,,,,,,,,,,,,,,,,,,,,,,,,,,,
rayyan-863278321,Lu,Yes,No (Then go to the questions 5 and 5b),,,,,,,,Exclude paper,2. The study was not done in the wild.,,,,,,,,,,,,,,,,,,,,,,,,,,,,,,,,,,,,,,,,,,,,,,,,,,
rayyan-863278355,Lu,Yes,Yes,Yes,Thryoid hormones (T3 or T4),No (if researchers did not measure nor manipulate yolk hormones go directly to questions 5 and 5b),NA,No (Then go to the questions 5 and 5b),,,Exclude paper,4. No information on fitness.,,,,,,,,,,,,,,,,,,,,,,,,,,,,,,,,,,,,,,,,,,,,,,,,,,
rayyan-863278383,Lu,Yes,Yes,No,NA,Yes,"Glucocorticoids (corticosterone, cortisol)",No (Then go to the questions 5 and 5b),,,Exclude paper,4. No information on fitness.,,,,,,,,,,,,,,,,,,,,,,,,,,,,,,,,,,,,,,,,,,,,,,,,,,
rayyan-863278460,Lu,Yes,Yes,No,NA,Yes,Androstenedione;Testosterone,No (Then go to the questions 5 and 5b),,,Exclude paper,4. No information on fitness.,,,,,,,,,,,,,,,,,,,,,,,,,,,,,,,,,,,,,,,,,,,,,,,,,,
rayyan-863278313,Lu,Yes,Yes,Yes,Testosterone,Yes,Testosterone;By increasing aggressive behavior in the mother,Yes,Both (maternal and offspring),"Body size (e.g., mass, tarsus, wing, body length, etc)","Include paper (then mark NA in question 5b, and go to questions 6 and 7)",NA,Also mean and SE,Yes, ,,,,,,,,,,,,,,,,,,,,,,,,,,,,,,,,,,,,,,,,,,,,,,,
rayyan-863278378,Lu,Yes,No (Then go to the questions 5 and 5b),,,,,,,,Exclude paper,2. The study was not done in the wild.,,,,,,,,,,,,,,,,,,,,,,,,,,,,,,,,,,,,,,,,,,,,,,,,,,
rayyan-863278422,Lu,Yes,But some eggs were collected from captive populations,Yes,Thryoid hormones (T3 or T4),No (if researchers did not measure nor manipulate yolk hormones go directly to questions 5 and 5b),NA,But they obtained life history traits from data bases - not for the same popu from where they took the egg from,Both (maternal and offspring),,Exclude paper,NA,,Yes,,,,,,,,,,,,,,,,,,,,,,,,,,,,,,,,,,,,,,,,,,,,,,,,
